,Prestador,,,,,,,,,,,
,,,,,Procedimento,,,,Qtd,,,Valor
Grupo Procedimento:,,,,,,,,,,,,
,,,DIAGNÓSTICO EM CARDIOLOGIA,,,,,,,,,
1,,HOSPITAL BENEFICENTE SANT,,,,,,,,,,
,,,,021102003,,ELETROCARDIOGRAMA,,,,19,"0,00",
,,,,,,,Total Prestador:,19,,,"0,00",
Grupo Procedimento:,,,,,,,,,,,,
,,,DIÁRIAS,,,,,,,,,
1,,HOSPITAL BENEFICENTE SANT,,,,,,,,,,
,,,,080201001,,DIARIA DE ACOMPANHANTE ADULTO (CO,,,,454,"3.632,00",
,,,,080201002,,DIARIA DE ACOMPANHANTE CRIANCA/AD,,,,274,"2.192,00",
,,,,080201003,,DIARIA DE ACOMPANHANTE DE GESTAN,,,,1045,"8.360,00",
,,,,080201004,,DIARIA DE ACOMPANHANTE DE IDOSOS ,,,,290,"2.320,00",
,,,,080201008,,DIARIA DE UNIDADE DE TERAPIA INTENSI,,,,289,"173.400,0",
,,,,080201012,,DIÁRIA DE UNIDADE DE TERAPIA INTENSI,,,,528,"380.160,0",
,,,,080201019,,DIÁRIA DE PERMANÊNCIA A MAIOR,,,,350,"7.021,00",
,,,,080201023,,DIÁRIA DE UNIDADE DE CUIDADOS INTER,,,,91,"27.300,00",
,,,,080201024,,DIÁRIA DE UNIDADE DE CUIDADOS INTER,,,,58,"17.400,00",
,,,,,,,Total Prestador:,3379,,,"621.785,0",
Grupo Procedimento:,,,,,,,,,,,,
,,,HEMODERIVADOS,,,,,,,,,
1,,HOSPITAL BENEFICENTE SANT,,,,,,,,,,
,,,,060307001,,ALBUMINA HUMANA 20 POR CENTO (FRA,,,,44,"2.420,00",
,,,,,,,Total Prestador:,44,,,"2.420,00",
Grupo Procedimento:,,,,,,,,,,,,
,,,IMUNOTERÁPICOS,,,,,,,,,
1,,HOSPITAL BENEFICENTE SANT,,,,,,,,,,
,,,,060303001,,IMUNOGLOBULINA ANTI-RHO (D) (FRASC,,,,28,"2.611,84",
,,,,,,,Total Prestador:,28,,,"2.611,84",
Grupo Procedimento:,,,,,,,,,,,,
,,,INCENTIVOS,,,,,,,,,
1,,HOSPITAL BENEFICENTE SANT,,,,,,,,,,
,,,,080101004,,INCENTIVO AO REGISTRO CIVIL DE NASC,,,,384,"1.920,00",
,,,,,,,Total Prestador:,384,,,"1.920,00",
Grupo Procedimento:,,,,,,,,,,,,
,,,REGULADORES DE ATIVIDADE HORMONAL - INIBIDORES DA PROLACTINA,,,,,,,,,
1,,HOSPITAL BENEFICENTE SANT,,,,,,,,,,
,,,,060304001,,"CABERGOLINA 0,5 MG (POR COMPRIMID",,,,8,"380,96",
,,,,,,,Total Prestador:,8,,,"380,96",
Grupo Procedimento:,,,,,,,,,,,,
,,,TENSIOLÍTICO ALVEOLAR,,,,,,,,,
1,,HOSPITAL BENEFICENTE SANT,,,,,,,,,,
,,,,060306001,,SURFACTANTE FRASCO-AMPOLA,,,,8,"4.157,92",
,,,,,,,Total Prestador:,8,,,"4.157,92",
Grupo Procedimento:,,,,,,,,,,,,
,,,PEQUENAS CIRURGIAS,,,,,,,,,
41,,PAULA RENATA SANTOS ARCIS,,,,,,,,,,
,,,,040101001,,CURATIVO GRAU II C/ OU S/ DEBRIDAME,,,,2,"64,80",
,,,,,,,Total Prestador:,2,,,"64,80",
Grupo Procedimento:,,,,,,,,,,,,
,,,ASSISTÊNCIA FISIOTERAPÊUTICA CARDIOVASCULARES E PNEUMO-FUNCIONAIS,,,,,,,,,
54,,ANILTON QUEIROZ BARBOSA,,,,,,,,,,
,,,,030204001,,ATENDIMENTO FISIOTERAPÊUTICO EM P,,,,42,"266,70",
,,,,,,,Total Prestador:,42,,,"266,70",
Grupo Procedimento:,,,,,,,,,,,,
,,,"ASSISTÊNCIA FISIOTERAPÊUTICA EM ALTERAÇÕES OBSTÉTRICAS, NEONATAIS E ",,,,,,,,,
54,,ANILTON QUEIROZ BARBOSA,,,,,,,,,,
,,,,030201001,,ATENDIMENTO FISIOTERAPÊUTICO EM P,,,,11,"69,85",
,,,,,,,Total Prestador:,11,,,"69,85",
Grupo Procedimento:,,,,,,,,,,,,
,,,ASSISTÊNCIA FISIOTERAPÊUTICA CARDIOVASCULARES E PNEUMO-FUNCIONAIS,,,,,,,,,
56,,DANIELLE CHRISTINA SILVA DE ,,,,,,,,,,
,,,,030204001,,ATENDIMENTO FISIOTERAPÊUTICO EM P,,,,118,"749,30",
,,,,,,,Total Prestador:,118,,,"749,30",
Grupo Procedimento:,,,,,,,,,,,,
,,,"ASSISTÊNCIA FISIOTERAPÊUTICA EM ALTERAÇÕES OBSTÉTRICAS, NEONATAIS E ",,,,,,,,,
56,,DANIELLE CHRISTINA SILVA DE ,,,,,,,,,,
,,,,030201001,,ATENDIMENTO FISIOTERAPÊUTICO EM P,,,,3,"19,05",
,,,,,,,Total Prestador:,3,,,"19,05",
Grupo Procedimento:,,,,,,,,,,,,
,,,ASSISTÊNCIA FISIOTERAPÊUTICA CARDIOVASCULARES E PNEUMO-FUNCIONAIS,,,,,,,,,
58,,ELIZILMA MOREIRA MAGALHAE,,,,,,,,,,
,,,,030204001,,ATENDIMENTO FISIOTERAPÊUTICO EM P,,,,90,"571,50",
,,,,030204002,,ATENDIMENTO FISIOTERAPÊUTICO EM P,,,,100,"467,00",
,,,,,,,Total Prestador:,190,,,"1.038,50",
,Prestador,,,,,,,,,,,
,,,,,Procedimento,,,,Qtd,,,Valor
Grupo Procedimento:,,,,,,,,,,,,
,,,"ASSISTÊNCIA FISIOTERAPÊUTICA EM ALTERAÇÕES OBSTÉTRICAS, NEONATAIS E ",,,,,,,,,
58,,ELIZILMA MOREIRA MAGALHAE,,,,,,,,,,
,,,,030201001,,ATENDIMENTO FISIOTERAPÊUTICO EM P,,,,9,"57,15",
,,,,030201003,,ATENDIMENTO FISIOTERAPÊUTICO EM P,,,,4,"25,40",
,,,,,,,Total Prestador:,13,,,"82,55",
Grupo Procedimento:,,,,,,,,,,,,
,,,ASSISTÊNCIA FISIOTERAPÊUTICA CARDIOVASCULARES E PNEUMO-FUNCIONAIS,,,,,,,,,
60,,MARIELLE APARECIDA LIMA D,,,,,,,,,,
,,,,030204001,,ATENDIMENTO FISIOTERAPÊUTICO EM P,,,,158,"1.003,30",
,,,,,,,Total Prestador:,158,,,"1.003,30",
Grupo Procedimento:,,,,,,,,,,,,
,,,"ASSISTÊNCIA FISIOTERAPÊUTICA EM ALTERAÇÕES OBSTÉTRICAS, NEONATAIS E ",,,,,,,,,
60,,MARIELLE APARECIDA LIMA D,,,,,,,,,,
,,,,030201001,,ATENDIMENTO FISIOTERAPÊUTICO EM P,,,,9,"57,15",
,,,,,,,Total Prestador:,9,,,"57,15",
Grupo Procedimento:,,,,,,,,,,,,
,,,ASSISTÊNCIA FISIOTERAPÊUTICA CARDIOVASCULARES E PNEUMO-FUNCIONAIS,,,,,,,,,
61,,PRISCILA GARCIA DE MORAES ,,,,,,,,,,
,,,,030204001,,ATENDIMENTO FISIOTERAPÊUTICO EM P,,,,154,"977,90",
,,,,,,,Total Prestador:,154,,,"977,90",
Grupo Procedimento:,,,,,,,,,,,,
,,,CONSULTAS MÉDICAS/OUTROS PROFISSIONAIS  DE NIVEL SUPERIOR,,,,,,,,,
68,,EDUARDO CORREA DE COSTA ,,,,,,,,,,
,,,,030101014,,PRIMEIRA CONSULTA DE PEDIATRIA AO ,,,,334,"3.340,00",
,,,,,,,Total Prestador:,334,,,"3.340,00",
Grupo Procedimento:,,,,,,,,,,,,
,,,PARTO E NASCIMENTO,,,,,,,,,
68,,EDUARDO CORREA DE COSTA ,,,,,,,,,,
,,,,031001002,,ATENDIMENTO AO RECEM-NASCIDO NO ,,,,196,"10.819,20",
,,,,,,,Total Prestador:,196,,,"10.819,20",
Grupo Procedimento:,,,,,,,,,,,,
,,,TRATAMENTO DE ALGUMAS AFECÇÕESS ORIGINADAS NO PERÍODO NEONATAL,,,,,,,,,
68,,EDUARDO CORREA DE COSTA ,,,,,,,,,,
,,,,030316003,,TRATAMENTO DE OUTROS TRANSTORN,,,,3,"787,62",
,,,,030316004,,TRATAMENTO DE TRANSTORNOS HEMO,,,,7,"1.841,65",
,,,,030316005,,TRATAMENTO DE TRANSTORNOS RELAC,,,,1,"778,02",
,,,,030316006,,TRATAMENTO DE TRANSTORNOS RESPI,,,,1,"482,45",
,,,,,,,Total Prestador:,12,,,"3.889,74",
Grupo Procedimento:,,,,,,,,,,,,
,,,TRATAMENTO DE DOENÇAS INFECCIOSAS E PARASITÁRIAS,,,,,,,,,
68,,EDUARDO CORREA DE COSTA ,,,,,,,,,,
,,,,030301012,,TRATAMENTO DE INFECÇÕES DE TRANS,,,,2,"517,54",
,,,,,,,Total Prestador:,2,,,"517,54",
Grupo Procedimento:,,,,,,,,,,,,
,,,DIAGNÓSTICO EM CARDIOLOGIA,,,,,,,,,
264,,ALEXANDRE MORAES XAVIER,,,,,,,,,,
,,,,021102001,,CATETERISMO CARDIACO,,,,1,"772,80",
,,,,,,,Total Prestador:,1,,,"772,80",
265,,IVONE NASCENTE GOMES E SI,,,,,,,,,,
,,,,021102001,,CATETERISMO CARDIACO,,,,7,"5.409,60",
,,,,,,,Total Prestador:,7,,,"5.409,60",
Grupo Procedimento:,,,,,,,,,,,,
,,,CONSULTAS MÉDICAS/OUTROS PROFISSIONAIS  DE NIVEL SUPERIOR,,,,,,,,,
266,,JOSE ALBERTO KALIL,,,,,,,,,,
,,,,030101017,,CONSULTA/AVALIAÇÃO EM PACIENTE INT,,,,95,"411,14",
,,,,,,,Total Prestador:,95,,,"411,14",
Grupo Procedimento:,,,,,,,,,,,,
,,,TRATAMENTO DIALÍTICO,,,,,,,,,
266,,JOSE ALBERTO KALIL,,,,,,,,,,
,,,,030501013,,HEMODIÁLISE P/ PACIENTES RENAIS AG,,,,48,"12.739,68",
,,,,,,,Total Prestador:,48,,,"12.739,68",
Grupo Procedimento:,,,,,,,,,,,,
,,,DIAGNÓSTICO EM CARDIOLOGIA,,,,,,,,,
270,,ADIMAR PIRES DA SILVA JUNIO,,,,,,,,,,
,,,,021102001,,CATETERISMO CARDIACO,,,,3,"2.318,40",
,,,,,,,Total Prestador:,3,,,"2.318,40",
Grupo Procedimento:,,,,,,,,,,,,
,,,MEDICINA TRANSFUSIONAL,,,,,,,,,
274,,ANDRE HENRIQUE CREPALDI,,,,,,,,,,
,,,,030602006,,TRANSFUSAO DE CONCENTRADO DE HE,,,,83,"696,37",
,,,,030602007,,TRANSFUSAO DE CONCENTRADO DE PL,,,,27,"226,53",
,,,,030602010,,TRANSFUSAO DE PLASMA FRESCO,,,,9,"75,51",
,,,,,,,Total Prestador:,119,,,"998,41",
Grupo Procedimento:,,,,,,,,,,,,
,,,CONSULTAS MÉDICAS/OUTROS PROFISSIONAIS  DE NIVEL SUPERIOR,,,,,,,,,
,Prestador,,,,,,,,,,,
,,,,,Procedimento,,,,Qtd,,,Valor
277,,CARLA ESCOBAR DE OLIVEIRA ,,,,,,,,,,
,,,,030101014,,PRIMEIRA CONSULTA DE PEDIATRIA AO ,,,,7,"70,00",
,,,,,,,Total Prestador:,7,,,"70,00",
Grupo Procedimento:,,,,,,,,,,,,
,,,PARTO E NASCIMENTO,,,,,,,,,
277,,CARLA ESCOBAR DE OLIVEIRA ,,,,,,,,,,
,,,,031001002,,ATENDIMENTO AO RECEM-NASCIDO NO ,,,,6,"331,20",
,,,,,,,Total Prestador:,6,,,"331,20",
Grupo Procedimento:,,,,,,,,,,,,
,,,TRATAMENTO DE ALGUMAS AFECÇÕESS ORIGINADAS NO PERÍODO NEONATAL,,,,,,,,,
277,,CARLA ESCOBAR DE OLIVEIRA ,,,,,,,,,,
,,,,030316003,,TRATAMENTO DE OUTROS TRANSTORN,,,,10,"2.815,03",
,,,,030316005,,TRATAMENTO DE TRANSTORNOS RELAC,,,,5,"3.890,10",
,,,,030316006,,TRATAMENTO DE TRANSTORNOS RESPI,,,,19,"9.166,55",
,,,,,,,Total Prestador:,34,,,"15.871,68",
Grupo Procedimento:,,,,,,,,,,,,
,,,TRATAMENTO DE DOENÇAS INFECCIOSAS E PARASITÁRIAS,,,,,,,,,
277,,CARLA ESCOBAR DE OLIVEIRA ,,,,,,,,,,
,,,,030301012,,TRATAMENTO DE INFECÇÕES DE TRANS,,,,1,"258,77",
,,,,,,,Total Prestador:,1,,,"258,77",
Grupo Procedimento:,,,,,,,,,,,,
,,,CONSULTAS MÉDICAS/OUTROS PROFISSIONAIS  DE NIVEL SUPERIOR,,,,,,,,,
280,,CLAUDIO CESAR ZANGALE DE ,,,,,,,,,,
,,,,030101014,,PRIMEIRA CONSULTA DE PEDIATRIA AO ,,,,7,"70,00",
,,,,,,,Total Prestador:,7,,,"70,00",
Grupo Procedimento:,,,,,,,,,,,,
,,,PARTO E NASCIMENTO,,,,,,,,,
280,,CLAUDIO CESAR ZANGALE DE ,,,,,,,,,,
,,,,031001002,,ATENDIMENTO AO RECEM-NASCIDO NO ,,,,57,"3.146,40",
,,,,,,,Total Prestador:,57,,,"3.146,40",
Grupo Procedimento:,,,,,,,,,,,,
,,,TRATAMENTO DE ALGUMAS AFECÇÕESS ORIGINADAS NO PERÍODO NEONATAL,,,,,,,,,
280,,CLAUDIO CESAR ZANGALE DE ,,,,,,,,,,
,,,,030316004,,TRATAMENTO DE TRANSTORNOS HEMO,,,,2,"525,08",
,,,,,,,Total Prestador:,2,,,"525,08",
Grupo Procedimento:,,,,,,,,,,,,
,,,CONSULTAS MÉDICAS/OUTROS PROFISSIONAIS  DE NIVEL SUPERIOR,,,,,,,,,
287,,RAFAELA VERLANGIERI MEND,,,,,,,,,,
,,,,030101014,,PRIMEIRA CONSULTA DE PEDIATRIA AO ,,,,1,"10,00",
,,,,,,,Total Prestador:,1,,,"10,00",
Grupo Procedimento:,,,,,,,,,,,,
,,,PARTO E NASCIMENTO,,,,,,,,,
287,,RAFAELA VERLANGIERI MEND,,,,,,,,,,
,,,,031001002,,ATENDIMENTO AO RECEM-NASCIDO NO ,,,,1,"55,20",
,,,,,,,Total Prestador:,1,,,"55,20",
Grupo Procedimento:,,,,,,,,,,,,
,,,CONSULTAS MÉDICAS/OUTROS PROFISSIONAIS  DE NIVEL SUPERIOR,,,,,,,,,
288,,RENE DIAZ RODRIGUEZ,,,,,,,,,,
,,,,030101014,,PRIMEIRA CONSULTA DE PEDIATRIA AO ,,,,27,"270,00",
,,,,,,,Total Prestador:,27,,,"270,00",
Grupo Procedimento:,,,,,,,,,,,,
,,,PARTO E NASCIMENTO,,,,,,,,,
288,,RENE DIAZ RODRIGUEZ,,,,,,,,,,
,,,,031001002,,ATENDIMENTO AO RECEM-NASCIDO NO ,,,,184,"10.156,80",
,,,,,,,Total Prestador:,184,,,"10.156,80",
Grupo Procedimento:,,,,,,,,,,,,
,,,TRATAMENTO DE ALGUMAS AFECÇÕESS ORIGINADAS NO PERÍODO NEONATAL,,,,,,,,,
288,,RENE DIAZ RODRIGUEZ,,,,,,,,,,
,,,,030316003,,TRATAMENTO DE OUTROS TRANSTORN,,,,7,"1.857,13",
,,,,030316004,,TRATAMENTO DE TRANSTORNOS HEMO,,,,6,"1.575,24",
,,,,030316006,,TRATAMENTO DE TRANSTORNOS RESPI,,,,1,"482,45",
,,,,,,,Total Prestador:,14,,,"3.914,82",
Grupo Procedimento:,,,,,,,,,,,,
,,,GERAIS EM ONCOLOGIA,,,,,,,,,
291,,HILTON CORREA DA COSTA JU,,,,,,,,,,
,,,,030410002,,TRATAMENTO CLÍNICO DE PACIENTE ON,,,,1,"425,49",
,,,,,,,Total Prestador:,1,,,"425,49",
Grupo Procedimento:,,,,,,,,,,,,
,,,TRATAMENTO DE DOENÇAS CARDIOVASCULARES,,,,,,,,,
291,,HILTON CORREA DA COSTA JU,,,,,,,,,,
,,,,030306014,,TRATAMENTO DE EMBOLIA PULMONAR,,,,1,"512,78",
,,,,,,,Total Prestador:,1,,,"512,78",
Grupo Procedimento:,,,,,,,,,,,,
,,,TRATAMENTO EM NEFROLOGIA EM GERAL,,,,,,,,,
291,,HILTON CORREA DA COSTA JU,,,,,,,,,,
,,,,030502005,,TRATAMENTO DA DOENÇA RENAL CRÔNI,,,,1,"396,20",
,,,,,,,Total Prestador:,1,,,"396,20",
,Prestador,,,,,,,,,,,
,,,,,Procedimento,,,,Qtd,,,Valor
Grupo Procedimento:,,,,,,,,,,,,
,,,COMPLICAÇÕES CONSEQUENTES A PROCEDIMENTOS EM SAÚDE,,,,,,,,,
292,,LUCIO DUARTE GUIMARAES,,,,,,,,,,
,,,,030804001,,TRATAMENTO DE COMPLICACOES DE PR,,,,13,"2.569,87",
,,,,,,,Total Prestador:,13,,,"2.569,87",
Grupo Procedimento:,,,,,,,,,,,,
,,,GERAIS EM ONCOLOGIA,,,,,,,,,
292,,LUCIO DUARTE GUIMARAES,,,,,,,,,,
,,,,030410002,,TRATAMENTO CLÍNICO DE PACIENTE ON,,,,1,"417,75",
,,,,,,,Total Prestador:,1,,,"417,75",
Grupo Procedimento:,,,,,,,,,,,,
,,,TRATAMENTO DAS DOENÇAS DO APARELHO GENITURINÁRIO,,,,,,,,,
292,,LUCIO DUARTE GUIMARAES,,,,,,,,,,
,,,,030315005,,TRATAMENTO DE OUTRAS DOENCAS DO ,,,,1,"226,42",
,,,,,,,Total Prestador:,1,,,"226,42",
Grupo Procedimento:,,,,,,,,,,,,
,,,TRATAMENTO DE DOENÇAS CARDIOVASCULARES,,,,,,,,,
292,,LUCIO DUARTE GUIMARAES,,,,,,,,,,
,,,,030306010,,TRATAMENTO DE CRISE HIPERTENSIVA,,,,1,"189,67",
,,,,030306014,,TRATAMENTO DE EMBOLIA PULMONAR,,,,1,"512,78",
,,,,030306021,,TRATAMENTO DE INSUFICIENCIA CARDIA,,,,18,"12.599,38",
,,,,030306028,,TRATAMENTO DE SINDROME CORONARI,,,,2,"633,23",
,,,,030306029,,TRATAMENTO DE TROMBOSE VENOSA P,,,,1,"310,76",
,,,,,,,Total Prestador:,23,,,"14.245,82",
Grupo Procedimento:,,,,,,,,,,,,
,,,TRATAMENTO DE DOENÇAS DO APARELHO DIGESTIVO,,,,,,,,,
292,,LUCIO DUARTE GUIMARAES,,,,,,,,,,
,,,,030307006,,TRATAMENTO DE DOENCAS DO ESOFAG,,,,1,"197,67",
,,,,030307007,,TRATAMENTO DE DOENCAS DO FIGADO,,,,4,"1.661,36",
,,,,030307010,,TRATAMENTO DE OUTRAS DOENCAS DO ,,,,2,"694,30",
,,,,030307011,,TRATAMENTO DE OUTRAS DOENCAS DO ,,,,1,"193,66",
,,,,030307012,,TRATAMENTO DE TRANSTORNOS DAS VI,,,,1,"332,30",
,,,,,,,Total Prestador:,9,,,"3.079,29",
Grupo Procedimento:,,,,,,,,,,,,
,,,TRATAMENTO DE DOENÇAS DO OUVIDO/APÓFISE MASTÓIDE E VIAS AÉREAS,,,,,,,,,
292,,LUCIO DUARTE GUIMARAES,,,,,,,,,,
,,,,030314004,,TRATAMENTO DAS DOENCAS CRONICAS ,,,,4,"1.913,48",
,,,,030314015,,TRATAMENTO DE PNEUMONIAS OU INFL,,,,3,"1.721,14",
,,,,,,,Total Prestador:,7,,,"3.634,62",
Grupo Procedimento:,,,,,,,,,,,,
,,,TRATAMENTO DE DOENÇAS DO SISTEMA NERVOSO CENTRAL E PERIFÉRICO,,,,,,,,,
292,,LUCIO DUARTE GUIMARAES,,,,,,,,,,
,,,,030304014,,TRATAMENTO DE ACIDENTE VASCULAR ,,,,1,"463,21",
,,,,,,,Total Prestador:,1,,,"463,21",
Grupo Procedimento:,,,,,,,,,,,,
,,,"TRATAMENTO DE DOENÇAS ENDOCRINAS, METABÓLICAS E NUTRICIONAIS",,,,,,,,,
292,,LUCIO DUARTE GUIMARAES,,,,,,,,,,
,,,,030303003,,TRATAMENTO DE DIABETES MELLITUS,,,,1,"360,80",
,,,,030303004,,TRATAMENTO DE DISTURBIOS METABOLI,,,,1,"139,42",
,,,,,,,Total Prestador:,2,,,"500,22",
Grupo Procedimento:,,,,,,,,,,,,
,,,TRATAMENTO DE DOENÇAS INFECCIOSAS E PARASITÁRIAS,,,,,,,,,
292,,LUCIO DUARTE GUIMARAES,,,,,,,,,,
,,,,030301003,,TRATAMENTO DE OUTRAS DOENÇAS BA,,,,1,"814,32",
,,,,,,,Total Prestador:,1,,,"814,32",
Grupo Procedimento:,,,,,,,,,,,,
,,,TRATAMENTO EM NEFROLOGIA EM GERAL,,,,,,,,,
292,,LUCIO DUARTE GUIMARAES,,,,,,,,,,
,,,,030502001,,TRATAMENTO DA PIELONEFRITE,,,,1,"204,50",
,,,,,,,Total Prestador:,1,,,"204,50",
Grupo Procedimento:,,,,,,,,,,,,
,,,ANESTESIAS,,,,,,,,,
305,,DAIHANE CARVALHO TEIXEIRA,,,,,,,,,,
,,,,041701001,,ANESTESIA OBSTETRICA P/ CESARIANA,,,,7,"428,26",
,,,,041701003,,ANESTESIA OBSTETRICA P/CESARIANA E,,,,3,"289,80",
,,,,041701006,,SEDACAO,,,,1,"15,15",
,,,,,,,Total Prestador:,11,,,"733,21",
306,,DEBORAH MARIA DE MOURA G,,,,,,,,,,
,,,,041701001,,ANESTESIA OBSTETRICA P/ CESARIANA,,,,5,"305,90",
,,,,041701003,,ANESTESIA OBSTETRICA P/CESARIANA E,,,,3,"289,80",
,,,,,,,Total Prestador:,8,,,"595,70",
307,,DIOGO LEITE SAMPAIO,,,,,,,,,,
,,,,041701001,,ANESTESIA OBSTETRICA P/ CESARIANA,,,,7,"428,26",
,Prestador,,,,,,,,,,,
,,,,,Procedimento,,,,Qtd,,,Valor
,,,,,,,Total Prestador:,7,,,"428,26",
308,,IGOR SEROR CUIABANO,,,,,,,,,,
,,,,041701001,,ANESTESIA OBSTETRICA P/ CESARIANA,,,,2,"122,36",
,,,,,,,Total Prestador:,2,,,"122,36",
310,,JOSE PINHEIRO COELHO FILH,,,,,,,,,,
,,,,041701001,,ANESTESIA OBSTETRICA P/ CESARIANA,,,,50,"3.059,00",
,,,,041701003,,ANESTESIA OBSTETRICA P/CESARIANA E,,,,8,"772,80",
,,,,041701006,,SEDACAO,,,,1,"15,15",
,,,,,,,Total Prestador:,59,,,"3.846,95",
311,,KAREN MARIA PREZA NOGUEI,,,,,,,,,,
,,,,041701001,,ANESTESIA OBSTETRICA P/ CESARIANA,,,,21,"1.284,78",
,,,,041701003,,ANESTESIA OBSTETRICA P/CESARIANA E,,,,3,"289,80",
,,,,,,,Total Prestador:,24,,,"1.574,58",
312,,LEONARDO GODOES LOUREIR,,,,,,,,,,
,,,,041701001,,ANESTESIA OBSTETRICA P/ CESARIANA,,,,10,"611,80",
,,,,041701003,,ANESTESIA OBSTETRICA P/CESARIANA E,,,,1,"96,60",
,,,,,,,Total Prestador:,11,,,"708,40",
313,,LILIAN AUXILIADORA AUDI BER,,,,,,,,,,
,,,,041701001,,ANESTESIA OBSTETRICA P/ CESARIANA,,,,15,"917,70",
,,,,041701003,,ANESTESIA OBSTETRICA P/CESARIANA E,,,,2,"193,20",
,,,,041701006,,SEDACAO,,,,2,"30,30",
,,,,,,,Total Prestador:,19,,,"1.141,20",
314,,MARCIA REGINA NOBRES DA S,,,,,,,,,,
,,,,041701001,,ANESTESIA OBSTETRICA P/ CESARIANA,,,,8,"489,44",
,,,,041701003,,ANESTESIA OBSTETRICA P/CESARIANA E,,,,1,"96,60",
,,,,,,,Total Prestador:,9,,,"586,04",
315,,RAFAEL EDUARDO SOARES SI,,,,,,,,,,
,,,,041701001,,ANESTESIA OBSTETRICA P/ CESARIANA,,,,5,"305,90",
,,,,,,,Total Prestador:,5,,,"305,90",
Grupo Procedimento:,,,,,,,,,,,,
,,,CONSULTAS MÉDICAS/OUTROS PROFISSIONAIS  DE NIVEL SUPERIOR,,,,,,,,,
318,,CELSO ANTUNES MACIEL,,,,,,,,,,
,,,,030101017,,CONSULTA/AVALIAÇÃO EM PACIENTE INT,,,,3,"26,60",
,,,,,,,Total Prestador:,3,,,"26,60",
Grupo Procedimento:,,,,,,,,,,,,
,,,PAREDE E CAVIDADE ABDOMINAL,,,,,,,,,
328,,EMANUEL GONCALO LEITE DE ,,,,,,,,,,
,,,,040704019,,PARACENTESE ABDOMINAL,,,,2,"24,54",
,,,,,,,Total Prestador:,2,,,"24,54",
Grupo Procedimento:,,,,,,,,,,,,
,,,PULMÃO,,,,,,,,,
328,,EMANUEL GONCALO LEITE DE ,,,,,,,,,,
,,,,041205017,,TORACOCENTESE/DRENAGEM DE PLEUR,,,,2,"109,94",
,,,,,,,Total Prestador:,2,,,"109,94",
Grupo Procedimento:,,,,,,,,,,,,
,,,PAREDE E CAVIDADE ABDOMINAL,,,,,,,,,
335,,RENAN SOUZA MANCIO,,,,,,,,,,
,,,,040704021,,PNEUMOPERITONIO (POR SESSAO),,,,7,"95,41",
,,,,,,,Total Prestador:,7,,,"95,41",
Grupo Procedimento:,,,,,,,,,,,,
,,,COMPLICAÇÕES CONSEQUENTES A PROCEDIMENTOS EM SAÚDE,,,,,,,,,
345,,ADILSON JOAO MASSONI,,,,,,,,,,
,,,,030804001,,TRATAMENTO DE COMPLICACOES DE PR,,,,1,"199,33",
,,,,,,,Total Prestador:,1,,,"199,33",
Grupo Procedimento:,,,,,,,,,,,,
,,,CONSULTAS MÉDICAS/OUTROS PROFISSIONAIS  DE NIVEL SUPERIOR,,,,,,,,,
345,,ADILSON JOAO MASSONI,,,,,,,,,,
,,,,030101017,,CONSULTA/AVALIAÇÃO EM PACIENTE INT,,,,1,"6,62",
,,,,,,,Total Prestador:,1,,,"6,62",
Grupo Procedimento:,,,,,,,,,,,,
,,,PARTO E NASCIMENTO,,,,,,,,,
345,,ADILSON JOAO MASSONI,,,,,,,,,,
,,,,031001003,,PARTO NORMAL,,,,11,"5.295,75",
,,,,031001004,,PARTO NORMAL EM GESTAÇÃO DE ALTO ,,,,7,"4.320,33",
,,,,,,,Total Prestador:,18,,,"9.616,08",
Grupo Procedimento:,,,,,,,,,,,,
,,,"TRATAMENTO DURANTE A GESTAÇÃO, PARTO E PUERPÉRIO",,,,,,,,,
345,,ADILSON JOAO MASSONI,,,,,,,,,,
,,,,030310001,,TRATAMENTO DE COMPLICACOES RELA,,,,2,"298,64",
,,,,030310004,,TRATAMENTO DE INTERCORRENCIAS CLI,,,,5,"647,86",
,,,,,,,Total Prestador:,7,,,"946,50",
Grupo Procedimento:,,,,,,,,,,,,
,,,PARTO E NASCIMENTO,,,,,,,,,
348,,ANA CLAUDIA ALMEIDA SOUZA,,,,,,,,,,
,,,,031001003,,PARTO NORMAL,,,,11,"5.291,88",
,Prestador,,,,,,,,,,,
,,,,,Procedimento,,,,Qtd,,,Valor
348,,ANA CLAUDIA ALMEIDA SOUZA,,,,,,,,,,
,,,,031001004,,PARTO NORMAL EM GESTAÇÃO DE ALTO ,,,,3,"1.851,57",
,,,,,,,Total Prestador:,14,,,"7.143,45",
Grupo Procedimento:,,,,,,,,,,,,
,,,"TRATAMENTO DURANTE A GESTAÇÃO, PARTO E PUERPÉRIO",,,,,,,,,
348,,ANA CLAUDIA ALMEIDA SOUZA,,,,,,,,,,
,,,,030310001,,TRATAMENTO DE COMPLICACOES RELA,,,,1,"154,30",
,,,,030310004,,TRATAMENTO DE INTERCORRENCIAS CLI,,,,3,"327,72",
,,,,,,,Total Prestador:,4,,,"482,02",
Grupo Procedimento:,,,,,,,,,,,,
,,,PARTO E NASCIMENTO,,,,,,,,,
351,,ANGELICA RODRIGUEZ TORRE,,,,,,,,,,
,,,,031001003,,PARTO NORMAL,,,,10,"4.810,80",
,,,,,,,Total Prestador:,10,,,"4.810,80",
Grupo Procedimento:,,,,,,,,,,,,
,,,"TRATAMENTO DURANTE A GESTAÇÃO, PARTO E PUERPÉRIO",,,,,,,,,
351,,ANGELICA RODRIGUEZ TORRE,,,,,,,,,,
,,,,030310004,,TRATAMENTO DE INTERCORRENCIAS CLI,,,,1,"109,24",
,,,,,,,Total Prestador:,1,,,"109,24",
Grupo Procedimento:,,,,,,,,,,,,
,,,PARTO E NASCIMENTO,,,,,,,,,
354,,ARIANE VELASCO MACHADO,,,,,,,,,,
,,,,031001003,,PARTO NORMAL,,,,9,"4.333,59",
,,,,,,,Total Prestador:,9,,,"4.333,59",
Grupo Procedimento:,,,,,,,,,,,,
,,,"TRATAMENTO DURANTE A GESTAÇÃO, PARTO E PUERPÉRIO",,,,,,,,,
354,,ARIANE VELASCO MACHADO,,,,,,,,,,
,,,,030310004,,TRATAMENTO DE INTERCORRENCIAS CLI,,,,1,"109,24",
,,,,,,,Total Prestador:,1,,,"109,24",
Grupo Procedimento:,,,,,,,,,,,,
,,,PARTO E NASCIMENTO,,,,,,,,,
357,,CESAR TAUJI TAKANO,,,,,,,,,,
,,,,031001003,,PARTO NORMAL,,,,10,"4.810,80",
,,,,031001004,,PARTO NORMAL EM GESTAÇÃO DE ALTO ,,,,1,"617,19",
,,,,,,,Total Prestador:,11,,,"5.427,99",
Grupo Procedimento:,,,,,,,,,,,,
,,,"TRATAMENTO DURANTE A GESTAÇÃO, PARTO E PUERPÉRIO",,,,,,,,,
357,,CESAR TAUJI TAKANO,,,,,,,,,,
,,,,030310004,,TRATAMENTO DE INTERCORRENCIAS CLI,,,,1,"109,24",
,,,,,,,Total Prestador:,1,,,"109,24",
Grupo Procedimento:,,,,,,,,,,,,
,,,PARTO E NASCIMENTO,,,,,,,,,
359,,CLAUDIA MARIA GONCALVES P,,,,,,,,,,
,,,,031001003,,PARTO NORMAL,,,,1,"481,08",
,,,,,,,Total Prestador:,1,,,"481,08",
Grupo Procedimento:,,,,,,,,,,,,
,,,"TRATAMENTO DURANTE A GESTAÇÃO, PARTO E PUERPÉRIO",,,,,,,,,
359,,CLAUDIA MARIA GONCALVES P,,,,,,,,,,
,,,,030310004,,TRATAMENTO DE INTERCORRENCIAS CLI,,,,3,"327,72",
,,,,,,,Total Prestador:,3,,,"327,72",
Grupo Procedimento:,,,,,,,,,,,,
,,,PARTO E NASCIMENTO,,,,,,,,,
361,,CRISTIANE CAROLINE PEREIR,,,,,,,,,,
,,,,031001003,,PARTO NORMAL,,,,8,"3.848,64",
,,,,031001004,,PARTO NORMAL EM GESTAÇÃO DE ALTO ,,,,2,"1.234,38",
,,,,,,,Total Prestador:,10,,,"5.083,02",
Grupo Procedimento:,,,,,,,,,,,,
,,,"TRATAMENTO DURANTE A GESTAÇÃO, PARTO E PUERPÉRIO",,,,,,,,,
361,,CRISTIANE CAROLINE PEREIR,,,,,,,,,,
,,,,030310001,,TRATAMENTO DE COMPLICACOES RELA,,,,3,"462,90",
,,,,030310004,,TRATAMENTO DE INTERCORRENCIAS CLI,,,,4,"464,05",
,,,,,,,Total Prestador:,7,,,"926,95",
Grupo Procedimento:,,,,,,,,,,,,
,,,PARTO E NASCIMENTO,,,,,,,,,
362,,DAYVISON HILARIO DA SILVA,,,,,,,,,,
,,,,031001003,,PARTO NORMAL,,,,8,"3.848,64",
,,,,031001004,,PARTO NORMAL EM GESTAÇÃO DE ALTO ,,,,3,"1.851,57",
,,,,,,,Total Prestador:,11,,,"5.700,21",
365,,ERICO DUARTE IZAIAS,,,,,,,,,,
,,,,031001003,,PARTO NORMAL,,,,13,"6.254,04",
,,,,031001004,,PARTO NORMAL EM GESTAÇÃO DE ALTO ,,,,2,"1.234,38",
,,,,,,,Total Prestador:,15,,,"7.488,42",
Grupo Procedimento:,,,,,,,,,,,,
,,,"TRATAMENTO DURANTE A GESTAÇÃO, PARTO E PUERPÉRIO",,,,,,,,,
365,,ERICO DUARTE IZAIAS,,,,,,,,,,
,,,,030310004,,TRATAMENTO DE INTERCORRENCIAS CLI,,,,1,"109,24",
,Prestador,,,,,,,,,,,
,,,,,Procedimento,,,,Qtd,,,Valor
,,,,,,,Total Prestador:,1,,,"109,24",
Grupo Procedimento:,,,,,,,,,,,,
,,,PARTO E NASCIMENTO,,,,,,,,,
366,,GABRIELA PIRES BONFANTI,,,,,,,,,,
,,,,031001003,,PARTO NORMAL,,,,5,"2.405,40",
,,,,031001004,,PARTO NORMAL EM GESTAÇÃO DE ALTO ,,,,1,"617,19",
,,,,,,,Total Prestador:,6,,,"3.022,59",
Grupo Procedimento:,,,,,,,,,,,,
,,,"TRATAMENTO DURANTE A GESTAÇÃO, PARTO E PUERPÉRIO",,,,,,,,,
366,,GABRIELA PIRES BONFANTI,,,,,,,,,,
,,,,030310004,,TRATAMENTO DE INTERCORRENCIAS CLI,,,,3,"327,72",
,,,,,,,Total Prestador:,3,,,"327,72",
Grupo Procedimento:,,,,,,,,,,,,
,,,PARTO E NASCIMENTO,,,,,,,,,
367,,GILBERTO RODRIGUES PINTO,,,,,,,,,,
,,,,031001003,,PARTO NORMAL,,,,4,"1.924,32",
,,,,,,,Total Prestador:,4,,,"1.924,32",
Grupo Procedimento:,,,,,,,,,,,,
,,,"TRATAMENTO DURANTE A GESTAÇÃO, PARTO E PUERPÉRIO",,,,,,,,,
367,,GILBERTO RODRIGUES PINTO,,,,,,,,,,
,,,,030310001,,TRATAMENTO DE COMPLICACOES RELA,,,,1,"154,30",
,,,,030310004,,TRATAMENTO DE INTERCORRENCIAS CLI,,,,1,"109,24",
,,,,,,,Total Prestador:,2,,,"263,54",
Grupo Procedimento:,,,,,,,,,,,,
,,,PARTO E NASCIMENTO,,,,,,,,,
368,,HELIANA SOUZA MARTINHO,,,,,,,,,,
,,,,031001003,,PARTO NORMAL,,,,28,"13.470,24",
,,,,031001004,,PARTO NORMAL EM GESTAÇÃO DE ALTO ,,,,2,"1.234,38",
,,,,,,,Total Prestador:,30,,,"14.704,62",
Grupo Procedimento:,,,,,,,,,,,,
,,,"TRATAMENTO DURANTE A GESTAÇÃO, PARTO E PUERPÉRIO",,,,,,,,,
368,,HELIANA SOUZA MARTINHO,,,,,,,,,,
,,,,030310001,,TRATAMENTO DE COMPLICACOES RELA,,,,3,"462,90",
,,,,030310004,,TRATAMENTO DE INTERCORRENCIAS CLI,,,,5,"550,07",
,,,,,,,Total Prestador:,8,,,"1.012,97",
Grupo Procedimento:,,,,,,,,,,,,
,,,PARTO E NASCIMENTO,,,,,,,,,
370,,JULIA FERREIRA GUIMARAES D,,,,,,,,,,
,,,,031001003,,PARTO NORMAL,,,,18,"8.659,44",
,,,,031001004,,PARTO NORMAL EM GESTAÇÃO DE ALTO ,,,,1,"617,19",
,,,,,,,Total Prestador:,19,,,"9.276,63",
Grupo Procedimento:,,,,,,,,,,,,
,,,"TRATAMENTO DURANTE A GESTAÇÃO, PARTO E PUERPÉRIO",,,,,,,,,
370,,JULIA FERREIRA GUIMARAES D,,,,,,,,,,
,,,,030310004,,TRATAMENTO DE INTERCORRENCIAS CLI,,,,2,"222,35",
,,,,,,,Total Prestador:,2,,,"222,35",
Grupo Procedimento:,,,,,,,,,,,,
,,,PARTO E NASCIMENTO,,,,,,,,,
372,,JULIO CESAR DE SOUZA FILHO,,,,,,,,,,
,,,,031001003,,PARTO NORMAL,,,,1,"481,08",
,,,,,,,Total Prestador:,1,,,"481,08",
373,,LARISSA FERNANDES BANDEI,,,,,,,,,,
,,,,031001003,,PARTO NORMAL,,,,8,"3.848,64",
,,,,,,,Total Prestador:,8,,,"3.848,64",
377,,MARIA THAIS MIKUNI MENDON,,,,,,,,,,
,,,,031001003,,PARTO NORMAL,,,,2,"962,16",
,,,,031001004,,PARTO NORMAL EM GESTAÇÃO DE ALTO ,,,,1,"617,19",
,,,,,,,Total Prestador:,3,,,"1.579,35",
Grupo Procedimento:,,,,,,,,,,,,
,,,"TRATAMENTO DURANTE A GESTAÇÃO, PARTO E PUERPÉRIO",,,,,,,,,
377,,MARIA THAIS MIKUNI MENDON,,,,,,,,,,
,,,,030310001,,TRATAMENTO DE COMPLICACOES RELA,,,,1,"154,30",
,,,,,,,Total Prestador:,1,,,"154,30",
Grupo Procedimento:,,,,,,,,,,,,
,,,PARTO E NASCIMENTO,,,,,,,,,
379,,MAURINA FREITAS TENUTA,,,,,,,,,,
,,,,031001003,,PARTO NORMAL,,,,21,"10.102,68",
,,,,031001004,,PARTO NORMAL EM GESTAÇÃO DE ALTO ,,,,1,"617,19",
,,,,,,,Total Prestador:,22,,,"10.719,87",
Grupo Procedimento:,,,,,,,,,,,,
,,,"TRATAMENTO DURANTE A GESTAÇÃO, PARTO E PUERPÉRIO",,,,,,,,,
379,,MAURINA FREITAS TENUTA,,,,,,,,,,
,,,,030310001,,TRATAMENTO DE COMPLICACOES RELA,,,,1,"150,57",
,,,,030310004,,TRATAMENTO DE INTERCORRENCIAS CLI,,,,1,"109,24",
,,,,,,,Total Prestador:,2,,,"259,81",
,Prestador,,,,,,,,,,,
,,,,,Procedimento,,,,Qtd,,,Valor
Grupo Procedimento:,,,,,,,,,,,,
,,,PARTO E NASCIMENTO,,,,,,,,,
380,,MAURO FERREIRA PACHECO F,,,,,,,,,,
,,,,031001003,,PARTO NORMAL,,,,1,"481,08",
,,,,,,,Total Prestador:,1,,,"481,08",
Grupo Procedimento:,,,,,,,,,,,,
,,,"TRATAMENTO DURANTE A GESTAÇÃO, PARTO E PUERPÉRIO",,,,,,,,,
380,,MAURO FERREIRA PACHECO F,,,,,,,,,,
,,,,030310001,,TRATAMENTO DE COMPLICACOES RELA,,,,1,"154,30",
,,,,,,,Total Prestador:,1,,,"154,30",
Grupo Procedimento:,,,,,,,,,,,,
,,,PARTO E NASCIMENTO,,,,,,,,,
382,,MICHELLE KAGUIMOTO MARTI,,,,,,,,,,
,,,,031001003,,PARTO NORMAL,,,,23,"11.064,84",
,,,,031001004,,PARTO NORMAL EM GESTAÇÃO DE ALTO ,,,,3,"1.851,57",
,,,,,,,Total Prestador:,26,,,"12.916,41",
Grupo Procedimento:,,,,,,,,,,,,
,,,"TRATAMENTO DURANTE A GESTAÇÃO, PARTO E PUERPÉRIO",,,,,,,,,
382,,MICHELLE KAGUIMOTO MARTI,,,,,,,,,,
,,,,030310001,,TRATAMENTO DE COMPLICACOES RELA,,,,1,"154,30",
,,,,030310004,,TRATAMENTO DE INTERCORRENCIAS CLI,,,,2,"218,48",
,,,,,,,Total Prestador:,3,,,"372,78",
Grupo Procedimento:,,,,,,,,,,,,
,,,PARTO E NASCIMENTO,,,,,,,,,
384,,NATHALIA SABOIA CAMPOS BO,,,,,,,,,,
,,,,031001003,,PARTO NORMAL,,,,10,"4.810,80",
,,,,031001004,,PARTO NORMAL EM GESTAÇÃO DE ALTO ,,,,1,"617,19",
,,,,,,,Total Prestador:,11,,,"5.427,99",
Grupo Procedimento:,,,,,,,,,,,,
,,,"TRATAMENTO DURANTE A GESTAÇÃO, PARTO E PUERPÉRIO",,,,,,,,,
384,,NATHALIA SABOIA CAMPOS BO,,,,,,,,,,
,,,,030310001,,TRATAMENTO DE COMPLICACOES RELA,,,,1,"154,30",
,,,,030310004,,TRATAMENTO DE INTERCORRENCIAS CLI,,,,1,"109,24",
,,,,,,,Total Prestador:,2,,,"263,54",
Grupo Procedimento:,,,,,,,,,,,,
,,,PARTO E NASCIMENTO,,,,,,,,,
387,,RAFAELA CAMPOS ANDRADE,,,,,,,,,,
,,,,031001003,,PARTO NORMAL,,,,21,"10.102,68",
,,,,031001004,,PARTO NORMAL EM GESTAÇÃO DE ALTO ,,,,1,"617,19",
,,,,,,,Total Prestador:,22,,,"10.719,87",
388,,RAFAELLA OLIVEIRA ALMEIDA,,,,,,,,,,
,,,,031001003,,PARTO NORMAL,,,,7,"3.367,56",
,,,,,,,Total Prestador:,7,,,"3.367,56",
Grupo Procedimento:,,,,,,,,,,,,
,,,"TRATAMENTO DURANTE A GESTAÇÃO, PARTO E PUERPÉRIO",,,,,,,,,
388,,RAFAELLA OLIVEIRA ALMEIDA,,,,,,,,,,
,,,,030310001,,TRATAMENTO DE COMPLICACOES RELA,,,,1,"154,30",
,,,,,,,Total Prestador:,1,,,"154,30",
Grupo Procedimento:,,,,,,,,,,,,
,,,PARTO E NASCIMENTO,,,,,,,,,
390,,TAMIRES FRANCA BERTAO,,,,,,,,,,
,,,,031001003,,PARTO NORMAL,,,,3,"1.443,24",
,,,,,,,Total Prestador:,3,,,"1.443,24",
Grupo Procedimento:,,,,,,,,,,,,
,,,"TRATAMENTO DURANTE A GESTAÇÃO, PARTO E PUERPÉRIO",,,,,,,,,
390,,TAMIRES FRANCA BERTAO,,,,,,,,,,
,,,,030310004,,TRATAMENTO DE INTERCORRENCIAS CLI,,,,2,"221,02",
,,,,,,,Total Prestador:,2,,,"221,02",
Grupo Procedimento:,,,,,,,,,,,,
,,,CONSULTAS MÉDICAS/OUTROS PROFISSIONAIS  DE NIVEL SUPERIOR,,,,,,,,,
399,,MUNIL DA SILVA TAQUES,,,,,,,,,,
,,,,030101017,,CONSULTA/AVALIAÇÃO EM PACIENTE INT,,,,1,"1,33",
,,,,,,,Total Prestador:,1,,,"1,33",
405,,FRANCISCO CARLOS DE ALMEI,,,,,,,,,,
,,,,030101017,,CONSULTA/AVALIAÇÃO EM PACIENTE INT,,,,1,"8,93",
,,,,,,,Total Prestador:,1,,,"8,93",
Grupo Procedimento:,,,,,,,,,,,,
,,,"RIM, URETER E BEXIGA",,,,,,,,,
405,,FRANCISCO CARLOS DE ALMEI,,,,,,,,,,
,,,,040901035,,PUNÇÃO/ASPIRAÇÃO DA BEXIGA,,,,1,"12,97",
,,,,,,,Total Prestador:,1,,,"12,97",
Grupo Procedimento:,,,,,,,,,,,,
,,,CONSULTAS MÉDICAS/OUTROS PROFISSIONAIS  DE NIVEL SUPERIOR,,,,,,,,,
411,,LUCAS DA CRUZ FARIAS,,,,,,,,,,
,,,,030101014,,PRIMEIRA CONSULTA DE PEDIATRIA AO ,,,,81,"810,00",
,,,,,,,Total Prestador:,81,,,"810,00",
,Prestador,,,,,,,,,,,
,,,,,Procedimento,,,,Qtd,,,Valor
Grupo Procedimento:,,,,,,,,,,,,
,,,PARTO E NASCIMENTO,,,,,,,,,
411,,LUCAS DA CRUZ FARIAS,,,,,,,,,,
,,,,031001002,,ATENDIMENTO AO RECEM-NASCIDO NO ,,,,29,"1.600,80",
,,,,,,,Total Prestador:,29,,,"1.600,80",
Grupo Procedimento:,,,,,,,,,,,,
,,,TRATAMENTO DE ALGUMAS AFECÇÕESS ORIGINADAS NO PERÍODO NEONATAL,,,,,,,,,
411,,LUCAS DA CRUZ FARIAS,,,,,,,,,,
,,,,030316002,,TRATAMENTO DE INFECCOES ESPECIFIC,,,,4,"899,88",
,,,,030316003,,TRATAMENTO DE OUTROS TRANSTORN,,,,1,"262,54",
,,,,030316004,,TRATAMENTO DE TRANSTORNOS HEMO,,,,1,"262,54",
,,,,,,,Total Prestador:,6,,,"1.424,96",
Grupo Procedimento:,,,,,,,,,,,,
,,,TRATAMENTO DE DOENÇAS DO OUVIDO/APÓFISE MASTÓIDE E VIAS AÉREAS,,,,,,,,,
411,,LUCAS DA CRUZ FARIAS,,,,,,,,,,
,,,,030314015,,TRATAMENTO DE PNEUMONIAS OU INFL,,,,1,"582,42",
,,,,,,,Total Prestador:,1,,,"582,42",
Grupo Procedimento:,,,,,,,,,,,,
,,,CONSULTAS MÉDICAS/OUTROS PROFISSIONAIS  DE NIVEL SUPERIOR,,,,,,,,,
417,,WILLIAN BENEDITO DE PROEN,,,,,,,,,,
,,,,030101017,,CONSULTA/AVALIAÇÃO EM PACIENTE INT,,,,9,"59,50",
,,,,,,,Total Prestador:,9,,,"59,50",
Grupo Procedimento:,,,,,,,,,,,,
,,,ASSISTÊNCIA FISIOTERAPÊUTICA CARDIOVASCULARES E PNEUMO-FUNCIONAIS,,,,,,,,,
429,,CELSO CESAR SILVA,,,,,,,,,,
,,,,030204001,,ATENDIMENTO FISIOTERAPÊUTICO EM P,,,,119,"755,65",
,,,,030204002,,ATENDIMENTO FISIOTERAPÊUTICO EM P,,,,13,"60,71",
,,,,,,,Total Prestador:,132,,,"816,36",
432,,EDNALVA DE FIGUEIREDO DIA,,,,,,,,,,
,,,,030204001,,ATENDIMENTO FISIOTERAPÊUTICO EM P,,,,101,"641,35",
,,,,,,,Total Prestador:,101,,,"641,35",
Grupo Procedimento:,,,,,,,,,,,,
,,,"ASSISTÊNCIA FISIOTERAPÊUTICA EM ALTERAÇÕES OBSTÉTRICAS, NEONATAIS E ",,,,,,,,,
432,,EDNALVA DE FIGUEIREDO DIA,,,,,,,,,,
,,,,030201001,,ATENDIMENTO FISIOTERAPÊUTICO EM P,,,,11,"69,85",
,,,,,,,Total Prestador:,11,,,"69,85",
Grupo Procedimento:,,,,,,,,,,,,
,,,PARTO E NASCIMENTO,,,,,,,,,
442,,GABRIELA SELKE ALVES,,,,,,,,,,
,,,,031001003,,PARTO NORMAL,,,,3,"1.443,24",
,,,,,,,Total Prestador:,3,,,"1.443,24",
454,,KAMILA BARBOSA BORGES CO,,,,,,,,,,
,,,,031001003,,PARTO NORMAL,,,,15,"7.247,16",
,,,,031001004,,PARTO NORMAL EM GESTAÇÃO DE ALTO ,,,,1,"617,19",
,,,,,,,Total Prestador:,16,,,"7.864,35",
Grupo Procedimento:,,,,,,,,,,,,
,,,"TRATAMENTO DURANTE A GESTAÇÃO, PARTO E PUERPÉRIO",,,,,,,,,
454,,KAMILA BARBOSA BORGES CO,,,,,,,,,,
,,,,030310004,,TRATAMENTO DE INTERCORRENCIAS CLI,,,,1,"109,24",
,,,,,,,Total Prestador:,1,,,"109,24",
Grupo Procedimento:,,,,,,,,,,,,
,,,"ASSISTÊNCIA FISIOTERAPÊUTICA EM ALTERAÇÕES OBSTÉTRICAS, NEONATAIS E ",,,,,,,,,
468,,FERNANDA APOLINARIO ZAGUI,,,,,,,,,,
,,,,030201003,,ATENDIMENTO FISIOTERAPÊUTICO EM P,,,,82,"520,70",
,,,,,,,Total Prestador:,82,,,"520,70",
471,,SOPHIA DE MARIA RIBEIRO AN,,,,,,,,,,
,,,,030201003,,ATENDIMENTO FISIOTERAPÊUTICO EM P,,,,173,"1.098,55",
,,,,,,,Total Prestador:,173,,,"1.098,55",
Grupo Procedimento:,,,,,,,,,,,,
,,,ASSISTÊNCIA FISIOTERAPÊUTICA CARDIOVASCULARES E PNEUMO-FUNCIONAIS,,,,,,,,,
472,,KELLY CRISTINE FARIA COUTI,,,,,,,,,,
,,,,030204002,,ATENDIMENTO FISIOTERAPÊUTICO EM P,,,,18,"84,06",
,,,,,,,Total Prestador:,18,,,"84,06",
Grupo Procedimento:,,,,,,,,,,,,
,,,"ASSISTÊNCIA FISIOTERAPÊUTICA EM ALTERAÇÕES OBSTÉTRICAS, NEONATAIS E ",,,,,,,,,
472,,KELLY CRISTINE FARIA COUTI,,,,,,,,,,
,,,,030201003,,ATENDIMENTO FISIOTERAPÊUTICO EM P,,,,141,"895,35",
,,,,,,,Total Prestador:,141,,,"895,35",
473,,LUCELIA METELLO BELLIDO,,,,,,,,,,
,,,,030201003,,ATENDIMENTO FISIOTERAPÊUTICO EM P,,,,40,"254,00",
,,,,,,,Total Prestador:,40,,,"254,00",
Grupo Procedimento:,,,,,,,,,,,,
,,,ASSISTÊNCIA FISIOTERAPÊUTICA CARDIOVASCULARES E PNEUMO-FUNCIONAIS,,,,,,,,,
474,,DANNY GRACE SOUZA CORDEI,,,,,,,,,,
,,,,030204001,,ATENDIMENTO FISIOTERAPÊUTICO EM P,,,,31,"196,85",
,,,,,,,Total Prestador:,31,,,"196,85",
,Prestador,,,,,,,,,,,
,,,,,Procedimento,,,,Qtd,,,Valor
Grupo Procedimento:,,,,,,,,,,,,
,,,"ASSISTÊNCIA FISIOTERAPÊUTICA EM ALTERAÇÕES OBSTÉTRICAS, NEONATAIS E ",,,,,,,,,
474,,DANNY GRACE SOUZA CORDEI,,,,,,,,,,
,,,,030201003,,ATENDIMENTO FISIOTERAPÊUTICO EM P,,,,445,"2.825,75",
,,,,,,,Total Prestador:,445,,,"2.825,75",
Grupo Procedimento:,,,,,,,,,,,,
,,,EXAMES DO DOADOR/RECEPTOR,,,,,,,,,
488,,HEMOSAN,,,,,,,,,,
,,,,021201002,,EXAMES PRE-TRANSFUSIONAIS I,,,,119,"2.027,76",
,,,,021201003,,EXAMES PRE-TRANSFUSIONAIS II,,,,82,"1.397,28",
,,,,,,,Total Prestador:,201,,,"3.425,04",
Grupo Procedimento:,,,,,,,,,,,,
,,,DIAGNÓSTICO EM CARDIOLOGIA,,,,,,,,,
489,,SANTA HELENA IMAGEM,,,,,,,,,,
,,,,021102003,,ELETROCARDIOGRAMA,,,,30,"0,00",
,,,,,,,Total Prestador:,30,,,"0,00",
Grupo Procedimento:,,,,,,,,,,,,
,,,EXAMES RADIOLÓGICOS DA CABEÇA E PESCOÇO,,,,,,,,,
489,,SANTA HELENA IMAGEM,,,,,,,,,,
,,,,020401014,,RADIOGRAFIA DE SEIOS DA FACE (FN + ,,,,1,"0,00",
,,,,,,,Total Prestador:,1,,,"0,00",
Grupo Procedimento:,,,,,,,,,,,,
,,,EXAMES RADIOLÓGICOS DA CINTURA ESCAPULAR E DOS MEMBROS SUPERIORES,,,,,,,,,
489,,SANTA HELENA IMAGEM,,,,,,,,,,
,,,,020404001,,RADIOGRAFIA DE ANTEBRACO,,,,6,"0,00",
,,,,020404005,,RADIOGRAFIA DE BRACO,,,,6,"0,00",
,,,,020404006,,RADIOGRAFIA DE CLAVICULA,,,,2,"0,00",
,,,,,,,Total Prestador:,14,,,"0,00",
Grupo Procedimento:,,,,,,,,,,,,
,,,EXAMES RADIOLÓGICOS DA CINTURA PÉLVICA E DOS MEMBROS INFERIORES,,,,,,,,,
489,,SANTA HELENA IMAGEM,,,,,,,,,,
,,,,020406006,,RADIOGRAFIA DE ARTICULACAO COXO-F,,,,2,"0,00",
,,,,020406008,,RADIOGRAFIA DE ARTICULACAO TIBIO-T,,,,2,"0,00",
,,,,020406009,,RADIOGRAFIA DE BACIA,,,,2,"0,00",
,,,,020406011,,RADIOGRAFIA DE COXA,,,,6,"0,00",
,,,,020406012,,RADIOGRAFIA DE JOELHO (AP + LATERAL,,,,18,"0,00",
,,,,020406015,,RADIOGRAFIA DE PE / DEDOS DO PE,,,,2,"0,00",
,,,,020406016,,RADIOGRAFIA DE PERNA,,,,6,"0,00",
,,,,,,,Total Prestador:,38,,,"0,00",
Grupo Procedimento:,,,,,,,,,,,,
,,,EXAMES RADIOLÓGICOS DO ABDOMEN E PELVE,,,,,,,,,
489,,SANTA HELENA IMAGEM,,,,,,,,,,
,,,,020405001,,CLISTER OPACO C/ DUPLO CONTRASTE,,,,2,"0,00",
,,,,020405002,,COLANGIOGRAFIA PER-OPERATORIA,,,,1,"0,00",
,,,,020405011,,RADIOGRAFIA DE ABDOMEN (AP + LATER,,,,4,"0,00",
,,,,020405013,,RADIOGRAFIA DE ABDOMEN SIMPLES (A,,,,24,"0,00",
,,,,020405016,,RADIOGRAFIA P/ ESTUDO DO DELGADO ,,,,1,"0,00",
,,,,,,,Total Prestador:,32,,,"0,00",
Grupo Procedimento:,,,,,,,,,,,,
,,,EXAMES RADIOLÓGICOS DO TORAX E MEDIASTINO,,,,,,,,,
489,,SANTA HELENA IMAGEM,,,,,,,,,,
,,,,020403015,,RADIOGRAFIA DE TORAX (PA E PERFIL),,,,33,"0,00",
,,,,020403017,,RADIOGRAFIA DE TORAX (PA),,,,391,"0,00",
,,,,,,,Total Prestador:,424,,,"0,00",
Grupo Procedimento:,,,,,,,,,,,,
,,,ULTRA-SONOGRAFIAS DO SISTEMA CIRCULATÓRIO (QUALQUER REGIÃO ANATÔMI,,,,,,,,,
489,,SANTA HELENA IMAGEM,,,,,,,,,,
,,,,020501003,,ECOCARDIOGRAFIA TRANSTORACICA,,,,33,"2.239,38",
,,,,020501004,,ULTRASSONOGRAFIA DOPPLER COLORI,,,,9,"356,40",
,,,,020501005,,ULTRASSONOGRAFIA DOPPLER DE FLUX,,,,31,"1.329,90",
,,,,,,,Total Prestador:,73,,,"3.925,68",
Grupo Procedimento:,,,,,,,,,,,,
,,,ULTRA-SONOGRAFIAS DOS DEMAIS SISTEMAS,,,,,,,,,
489,,SANTA HELENA IMAGEM,,,,,,,,,,
,,,,020502003,,ULTRASSONOGRAFIA DE ABDÔMEN SUP,,,,4,"96,80",
,,,,020502004,,ULTRASSONOGRAFIA DE ABDOMEN TOT,,,,17,"645,15",
,,,,020502005,,ULTRASSONOGRAFIA DE APARELHO URI,,,,12,"290,40",
,,,,020502006,,ULTRASSONOGRAFIA DE ARTICULACAO,,,,8,"193,60",
,,,,020502007,,ULTRASSONOGRAFIA DE BOLSA ESCROT,,,,2,"48,40",
,,,,020502008,,ULTRASSONOGRAFIA DE GLOBO OCULA,,,,1,"24,20",
,Prestador,,,,,,,,,,,
,,,,,Procedimento,,,,Qtd,,,Valor
489,,SANTA HELENA IMAGEM,,,,,,,,,,
,,,,020502009,,ULTRASSONOGRAFIA MAMARIA BILATER,,,,1,"24,20",
,,,,020502010,,ULTRASSONOGRAFIA DE PROSTATA PO,,,,3,"72,60",
,,,,020502014,,ULTRASSONOGRAFIA OBSTETRICA,,,,15,"363,00",
,,,,020502015,,ULTRASSONOGRAFIA OBSTETRICA C/ DO,,,,3,"118,80",
,,,,020502016,,ULTRASSONOGRAFIA PELVICA (GINECOL,,,,1,"24,20",
,,,,020502017,,ULTRASSONOGRAFIA TRANSFONTANELA,,,,16,"387,20",
,,,,020502018,,ULTRASSONOGRAFIA TRANSVAGINAL,,,,19,"459,80",
,,,,,,,Total Prestador:,102,,,"2.748,35",
Grupo Procedimento:,,,,,,,,,,,,
,,,"TOMOGRAFIA DA CABEÇA, PESCOÇO E COLUNA VERTEBRAL",,,,,,,,,
490,,DIAG X DIGITAL DIAGNOSTICO,,,,,,,,,,
,,,,020601001,,TOMOGRAFIA COMPUTADORIZADA DE C,,,,1,"86,76",
,,,,020601002,,TOMOGRAFIA COMPUTADORIZADA DE C,,,,1,"101,10",
,,,,020601003,,TOMOGRAFIA COMPUTADORIZADA DE C,,,,1,"86,76",
,,,,020601005,,TOMOGRAFIA COMPUTADORIZADA DO P,,,,1,"86,75",
,,,,020601006,,TOMOGRAFIA COMPUTADORIZADA DE S,,,,1,"97,44",
,,,,020601007,,TOMOGRAFIA COMPUTADORIZADA DO C,,,,8,"779,52",
,,,,,,,Total Prestador:,13,,,"1.238,33",
Grupo Procedimento:,,,,,,,,,,,,
,,,"TOMOGRAFIA DO ABDOMEN, PELVE E MEMBROS INFERIORES",,,,,,,,,
490,,DIAG X DIGITAL DIAGNOSTICO,,,,,,,,,,
,,,,020603001,,TOMOGRAFIA COMPUTADORIZADA DE A,,,,27,"3.743,01",
,,,,020603003,,TOMOGRAFIA COMPUTADORIZADA DE P,,,,27,"3.743,01",
,,,,,,,Total Prestador:,54,,,"7.486,02",
Grupo Procedimento:,,,,,,,,,,,,
,,,TOMOGRAFIA DO TORAX E MEMBROS SUPERIORES,,,,,,,,,
490,,DIAG X DIGITAL DIAGNOSTICO,,,,,,,,,,
,,,,020602002,,TOMOGRAFIA COMPUTADORIZADA DE S,,,,1,"86,75",
,,,,020602003,,TOMOGRAFIA COMPUTADORIZADA DE T,,,,23,"3.137,43",
,,,,,,,Total Prestador:,24,,,"3.224,18",
Grupo Procedimento:,,,,,,,,,,,,
,,,PARTO E NASCIMENTO,,,,,,,,,
526,,ANA FLAVIA SCHAVETOCK VIEI,,,,,,,,,,
,,,,031001003,,PARTO NORMAL,,,,10,"4.810,80",
,,,,,,,Total Prestador:,10,,,"4.810,80",
Grupo Procedimento:,,,,,,,,,,,,
,,,"TRATAMENTO DURANTE A GESTAÇÃO, PARTO E PUERPÉRIO",,,,,,,,,
526,,ANA FLAVIA SCHAVETOCK VIEI,,,,,,,,,,
,,,,030310004,,TRATAMENTO DE INTERCORRENCIAS CLI,,,,1,"109,24",
,,,,,,,Total Prestador:,1,,,"109,24",
Grupo Procedimento:,,,,,,,,,,,,
,,,PARTO E NASCIMENTO,,,,,,,,,
551,,THAINARA VICTÓRIA TONDORF ,,,,,,,,,,
,,,,031001003,,PARTO NORMAL,,,,15,"7.216,20",
,,,,031001004,,PARTO NORMAL EM GESTAÇÃO DE ALTO ,,,,3,"1.898,01",
,,,,,,,Total Prestador:,18,,,"9.114,21",
Grupo Procedimento:,,,,,,,,,,,,
,,,"TRATAMENTO DURANTE A GESTAÇÃO, PARTO E PUERPÉRIO",,,,,,,,,
551,,THAINARA VICTÓRIA TONDORF ,,,,,,,,,,
,,,,030310004,,TRATAMENTO DE INTERCORRENCIAS CLI,,,,1,"109,24",
,,,,,,,Total Prestador:,1,,,"109,24",
Grupo Procedimento:,,,,,,,,,,,,
,,,APARELHO DIGESTIVO,,,,,,,,,
555,,GASTROMAT,,,,,,,,,,
,,,,020901001,,COLANGIOPANCREATOGRAFIA RETROG,,,,4,"362,72",
,,,,020901002,,COLONOSCOPIA (COLOSCOPIA),,,,2,"225,32",
,,,,020901003,,ESOFAGOGASTRODUODENOSCOPIA,,,,5,"240,80",
,,,,,,,Total Prestador:,11,,,"828,84",
Grupo Procedimento:,,,,,,,,,,,,
,,,EXAMES ANATOMOPATOLÓGICOS,,,,,,,,,
556,,LAPAT CUIABA,,,,,,,,,,
,,,,020302003,,EXAME ANATOMO-PATOLÓGICO PARA C,,,,490,"19.982,20",
,,,,,,,Total Prestador:,490,,,"19.982,20",
Grupo Procedimento:,,,,,,,,,,,,
,,,PARTO E NASCIMENTO,,,,,,,,,
574,,CAROLINE WARPECHOWSKI LA,,,,,,,,,,
,,,,031001003,,PARTO NORMAL,,,,1,"481,08",
,,,,,,,Total Prestador:,1,,,"481,08",
621,,CAMILA COELHO MIRANDA,,,,,,,,,,
,,,,031001003,,PARTO NORMAL,,,,2,"962,16",
,,,,,,,Total Prestador:,2,,,"962,16",
,Prestador,,,,,,,,,,,
,,,,,Procedimento,,,,Qtd,,,Valor
Grupo Procedimento:,,,,,,,,,,,,
,,,"TRATAMENTO DURANTE A GESTAÇÃO, PARTO E PUERPÉRIO",,,,,,,,,
621,,CAMILA COELHO MIRANDA,,,,,,,,,,
,,,,030310004,,TRATAMENTO DE INTERCORRENCIAS CLI,,,,1,"113,11",
,,,,,,,Total Prestador:,1,,,"113,11",
Grupo Procedimento:,,,,,,,,,,,,
,,,EXAMES BIOQUIMICOS,,,,,,,,,
677,,LABORATORIO SANTA HELENA ,,,,,,,,,,
,,,,020201007,,DETERMINACAO DE CURVA GLICEMICA C,,,,1,"0,00",
,,,,020201012,,DOSAGEM DE ACIDO URICO,,,,61,"0,00",
,,,,020201018,,DOSAGEM DE AMILASE,,,,30,"0,00",
,,,,020201020,,DOSAGEM DE BILIRRUBINA TOTAL E FRA,,,,505,"0,00",
,,,,020201021,,DOSAGEM DE CALCIO,,,,246,"0,00",
,,,,020201022,,DOSAGEM DE CALCIO IONIZAVEL,,,,481,"0,00",
,,,,020201026,,DOSAGEM DE CLORETO,,,,43,"0,00",
,,,,020201029,,DOSAGEM DE COLESTEROL TOTAL,,,,3,"0,00",
,,,,020201031,,DOSAGEM DE CREATININA,,,,786,"0,00",
,,,,020201032,,DOSAGEM DE CREATINOFOSFOQUINASE ,,,,129,"0,00",
,,,,020201033,,DOSAGEM DE CREATINOFOSFOQUINASE ,,,,66,"0,00",
,,,,020201036,,DOSAGEM DE DESIDROGENASE LATICA,,,,415,"0,00",
,,,,020201038,,DOSAGEM DE FERRITINA,,,,6,"0,00",
,,,,020201039,,DOSAGEM DE FERRO SERICO,,,,6,"0,00",
,,,,020201040,,DOSAGEM DE FOLATO,,,,1,"0,00",
,,,,020201042,,DOSAGEM DE FOSFATASE ALCALINA,,,,115,"0,00",
,,,,020201043,,DOSAGEM DE FOSFORO,,,,58,"0,00",
,,,,020201046,,DOSAGEM DE GAMA-GLUTAMIL-TRANSFE,,,,97,"0,00",
,,,,020201047,,DOSAGEM DE GLICOSE,,,,424,"0,00",
,,,,020201048,,DOSAGEM DE GLICOSE-6-FOSFATO DESI,,,,1,"0,00",
,,,,020201050,,DOSAGEM DE HEMOGLOBINA GLICOSILA,,,,5,"0,00",
,,,,020201053,,DOSAGEM DE LACTATO,,,,230,"0,00",
,,,,020201055,,DOSAGEM DE LIPASE,,,,20,"0,00",
,,,,020201056,,DOSAGEM DE MAGNESIO,,,,548,"0,00",
,,,,020201060,,DOSAGEM DE POTASSIO,,,,722,"0,00",
,,,,020201061,,DOSAGEM DE PROTEINAS TOTAIS,,,,124,"0,00",
,,,,020201062,,DOSAGEM DE PROTEINAS TOTAIS E FRA,,,,95,"0,00",
,,,,020201063,,DOSAGEM DE SODIO,,,,724,"0,00",
,,,,020201064,,DOSAGEM DE TRANSAMINASE GLUTAMI,,,,549,"0,00",
,,,,020201065,,DOSAGEM DE TRANSAMINASE GLUTAMI,,,,533,"0,00",
,,,,020201066,,DOSAGEM DE TRANSFERRINA,,,,4,"0,00",
,,,,020201067,,DOSAGEM DE TRIGLICERIDEOS,,,,8,"0,00",
,,,,020201069,,DOSAGEM DE UREIA,,,,764,"0,00",
,,,,020201070,,DOSAGEM DE VITAMINA B12,,,,3,"0,00",
,,,,020201071,,ELETROFORESE DE LIPOPROTEINAS,,,,2,"0,00",
,,,,020201073,,GASOMETRIA (PH PCO2 PO2 BICARBONA,,,,477,"0,00",
,,,,020201076,,DOSAGEM DE 25 HIDROXIVITAMINA D,,,,2,"0,00",
,,,,,,,Total Prestador:,8284,,,"0,00",
Grupo Procedimento:,,,,,,,,,,,,
,,,EXAMES DE UROANÁLISE,,,,,,,,,
677,,LABORATORIO SANTA HELENA ,,,,,,,,,,
,,,,020205001,,"ANALISE DE CARACTERES FISICOS, ELE",,,,138,"0,00",
,,,,020205004,,CLEARANCE DE UREIA,,,,1,"0,00",
,,,,020205011,,DOSAGEM DE PROTEINAS (URINA DE 24 ,,,,2,"0,00",
,,,,020205025,,PESQUISA DE GONADOTROFINA CORION,,,,4,"0,00",
,,,,,,,Total Prestador:,145,,,"0,00",
Grupo Procedimento:,,,,,,,,,,,,
,,,EXAMES EM OUTROS LÍQUIDOS BIOLÓGICOS,,,,,,,,,
677,,LABORATORIO SANTA HELENA ,,,,,,,,,,
,,,,020209029,,PROVA DO LATEX P/ HAEMOPHILLUS INF,,,,3,"0,00",
,,,,,,,Total Prestador:,3,,,"0,00",
Grupo Procedimento:,,,,,,,,,,,,
,,,EXAMES HEMATOLÓGICOS E HEMOSTASIA,,,,,,,,,
677,,LABORATORIO SANTA HELENA ,,,,,,,,,,
,,,,020202003,,CONTAGEM DE RETICULOCITOS,,,,27,"0,00",
,Prestador,,,,,,,,,,,
,,,,,Procedimento,,,,Qtd,,,Valor
677,,LABORATORIO SANTA HELENA ,,,,,,,,,,
,,,,020202007,,DETERMINAÇÃO DE TEMPO DE COAGUL,,,,243,"0,00",
,,,,020202013,,DETERMINAÇÃO DE TEMPO DE TROMBO,,,,196,"0,00",
,,,,020202014,,DETERMINAÇÃO DE TEMPO E ATIVIDADE ,,,,187,"0,00",
,,,,020202015,,DETERMINAÇÃO DE VELOCIDADE DE HE,,,,4,"0,00",
,,,,020202030,,DOSAGEM DE HEMOGLOBINA,,,,1,"0,00",
,,,,020202038,,HEMOGRAMA COMPLETO,,,,1185,"0,00",
,,,,020202054,,TESTE DIRETO DE ANTIGLOBULINA HUM,,,,4,"0,00",
,,,,,,,Total Prestador:,1847,,,"0,00",
Grupo Procedimento:,,,,,,,,,,,,
,,,EXAMES HORMONAIS,,,,,,,,,
677,,LABORATORIO SANTA HELENA ,,,,,,,,,,
,,,,020206001,,DETERMINAÇÃO DE ÍNDICE DE TIROXINA ,,,,3,"0,00",
,,,,020206021,,DOSAGEM DE GONADOTROFINA CORION,,,,5,"0,00",
,,,,020206025,,DOSAGEM DE HORMONIO TIREOESTIMUL,,,,9,"0,00",
,,,,020206028,,DOSAGEM DE PEPTIDEO C,,,,10,"0,00",
,,,,020206037,,DOSAGEM DE TIROXINA (T4),,,,1,"0,00",
,,,,,,,Total Prestador:,28,,,"0,00",
Grupo Procedimento:,,,,,,,,,,,,
,,,EXAMES IMUNOHEMATOLÓGICOS,,,,,,,,,
677,,LABORATORIO SANTA HELENA ,,,,,,,,,,
,,,,020212002,,DETERMINACAO DIRETA E REVERSA DE ,,,,584,"0,00",
,,,,020212009,,TESTE INDIRETO DE ANTIGLOBULINA HU,,,,40,"0,00",
,,,,,,,Total Prestador:,624,,,"0,00",
Grupo Procedimento:,,,,,,,,,,,,
,,,EXAMES MICROBIOLÓGICOS,,,,,,,,,
677,,LABORATORIO SANTA HELENA ,,,,,,,,,,
,,,,020208001,,ANTIBIOGRAMA,,,,2,"0,00",
,,,,020208002,,ANTIBIOGRAMA C/ CONCENTRACAO INIBI,,,,3,"0,00",
,,,,020208004,,BACILOSCOPIA DIRETA P/ BAAR TUBERC,,,,1,"0,00",
,,,,020208007,,BACTERIOSCOPIA (GRAM),,,,2,"0,00",
,,,,020208008,,CULTURA DE BACTÉRIAS P/ IDENTIFICAÇ,,,,105,"0,00",
,,,,020208011,,CULTURA SÓLIDA PARA MICOBACTÉRIAS,,,,2,"0,00",
,,,,020208013,,CULTURA PARA IDENTIFICACAO MORFOL,,,,2,"0,00",
,,,,020208015,,HEMOCULTURA,,,,99,"0,00",
,,,,,,,Total Prestador:,216,,,"0,00",
Grupo Procedimento:,,,,,,,,,,,,
,,,EXAMES SOROLÓGICOS E IMUNOLÓGICOS,,,,,,,,,
677,,LABORATORIO SANTA HELENA ,,,,,,,,,,
,,,,020203005,,DETECÇÃO DE RNA DO VÍRUS DA HEPATI,,,,4,"0,00",
,,,,020203007,,DETERMINAÇÃO DE FATOR REUMATOIDE,,,,1,"0,00",
,,,,020203008,,DETERMINAÇÃO QUANTITATIVA DE PROT,,,,919,"0,00",
,,,,020203009,,DOSAGEM DE ALFA-FETOPROTEINA,,,,2,"0,00",
,,,,020203020,,DOSAGEM DE PROTEINA C REATIVA,,,,28,"0,00",
,,,,020203027,,PESQUISA DE ANTICORPOS ANTI-DNA,,,,1,"0,00",
,,,,020203053,,PESQUISA DE ANTICORPOS ANTILEPTOS,,,,1,"0,00",
,,,,020203059,,PESQUISA DE ANTICORPOS ANTINUCLE,,,,2,"0,00",
,,,,020203064,,PESQUISA DE ANTICORPOS CONTRA AN,,,,2,"0,00",
,,,,020203072,,PESQUISA DE ANTICORPOS EIE ANTICLA,,,,1,"0,00",
,,,,020203074,,PESQUISA DE ANTICORPOS IGG ANTICIT,,,,3,"0,00",
,,,,020203076,,PESQUISA DE ANTICORPOS IGG ANTITO,,,,4,"0,00",
,,,,020203080,,PESQUISA DE ANTICORPOS IGG CONTRA ,,,,3,"0,00",
,,,,020203081,,PESQUISA DE ANTICORPOS IGG CONTRA ,,,,1,"0,00",
,,,,020203084,,PESQUISA DE ANTICORPOS IGG CONTRA ,,,,1,"0,00",
,,,,020203085,,PESQUISA DE ANTICORPOS IGM ANTICIT,,,,3,"0,00",
,,,,020203087,,PESQUISA DE ANTICORPOS IGM ANTITO,,,,4,"0,00",
,,,,020203091,,PESQUISA DE ANTICORPOS IGM CONTRA ,,,,2,"0,00",
,,,,020203092,,PESQUISA DE ANTICORPOS IGM CONTRA ,,,,1,"0,00",
,,,,020203095,,PESQUISA DE ANTICORPOS IGM CONTRA ,,,,1,"0,00",
,,,,020203096,,PESQUISA DE ANTIGENO CARCINOEMBRI,,,,4,"0,00",
,,,,020203098,,PESQUISA DE ANTIGENO E DO VIRUS DA ,,,,4,"0,00",
,,,,020203111,,TESTE NÃO TREPONEMICO P/ DETECÇÃ,,,,27,"0,00",
,Prestador,,,,,,,,,,,
,,,,,Procedimento,,,,Qtd,,,Valor
677,,LABORATORIO SANTA HELENA ,,,,,,,,,,
,,,,020203117,,TESTE NÃO TREPONEMICO P/ DETECÇÃ,,,,559,"0,00",
,,,,020203148,,PESQUISA LABORATORIAL DE ANTICORP,,,,1,"0,00",
,,,,,,,Total Prestador:,1579,,,"0,00",
Grupo Procedimento:,,,,,,,,,,,,
,,,EXAMES TOXICOLÓGICOS OU DE MONITORIZAÇÃO TERAPÊUTICA,,,,,,,,,
677,,LABORATORIO SANTA HELENA ,,,,,,,,,,
,,,,020207012,,DOSAGEM DE BARBITURATOS,,,,1,"0,00",
,,,,,,,Total Prestador:,1,,,"0,00",
Grupo Procedimento:,,,,,,,,,,,,
,,,TESTE REALIZADO FORA DA ESTRUTURA DE LABORATÓRIO,,,,,,,,,
677,,LABORATORIO SANTA HELENA ,,,,,,,,,,
,,,,021401005,,TESTE RÁPIDO PARA DETECÇÃO DE ANT,,,,2,"2,00",
,,,,021401012,,TESTE RÁPIDO PARA DENGUE IGG/IGM,,,,2,"0,00",
,,,,021401013,,TESTE RÁPIDO PARA FEBRE CHIKUNGUN,,,,1,"0,00",
,,,,021401027,,TESTE RÁPIDO PARA DETECÇÃO DE ANT,,,,492,"492,00",
,,,,,,,Total Prestador:,497,,,"494,00",
Grupo Procedimento:,,,,,,,,,,,,
,,,"ASSISTÊNCIA FISIOTERAPÊUTICA EM ALTERAÇÕES OBSTÉTRICAS, NEONATAIS E ",,,,,,,,,
687,,ADMA KELLEN RODRIGUES MA,,,,,,,,,,
,,,,030201003,,ATENDIMENTO FISIOTERAPÊUTICO EM P,,,,325,"2.063,75",
,,,,,,,Total Prestador:,325,,,"2.063,75",
688,,ANALU DE ALMEIDA E ALMEIDA,,,,,,,,,,
,,,,030201003,,ATENDIMENTO FISIOTERAPÊUTICO EM P,,,,85,"539,75",
,,,,,,,Total Prestador:,85,,,"539,75",
689,,DAIANE DA SILVA BUENO,,,,,,,,,,
,,,,030201003,,ATENDIMENTO FISIOTERAPÊUTICO EM P,,,,84,"533,40",
,,,,,,,Total Prestador:,84,,,"533,40",
Grupo Procedimento:,,,,,,,,,,,,
,,,ASSISTÊNCIA FISIOTERAPÊUTICA CARDIOVASCULARES E PNEUMO-FUNCIONAIS,,,,,,,,,
690,,LUCIMERE DE JESUS CAMPOS,,,,,,,,,,
,,,,030204002,,ATENDIMENTO FISIOTERAPÊUTICO EM P,,,,42,"196,14",
,,,,,,,Total Prestador:,42,,,"196,14",
Grupo Procedimento:,,,,,,,,,,,,
,,,"ASSISTÊNCIA FISIOTERAPÊUTICA EM ALTERAÇÕES OBSTÉTRICAS, NEONATAIS E ",,,,,,,,,
690,,LUCIMERE DE JESUS CAMPOS,,,,,,,,,,
,,,,030201003,,ATENDIMENTO FISIOTERAPÊUTICO EM P,,,,203,"1.289,05",
,,,,,,,Total Prestador:,203,,,"1.289,05",
Grupo Procedimento:,,,,,,,,,,,,
,,,PARTO E NASCIMENTO,,,,,,,,,
776,,ALAN JOSE CAMPOS SOARES,,,,,,,,,,
,,,,031001003,,PARTO NORMAL,,,,9,"4.329,72",
,,,,031001004,,PARTO NORMAL EM GESTAÇÃO DE ALTO ,,,,2,"1.234,38",
,,,,,,,Total Prestador:,11,,,"5.564,10",
Grupo Procedimento:,,,,,,,,,,,,
,,,"TRATAMENTO DURANTE A GESTAÇÃO, PARTO E PUERPÉRIO",,,,,,,,,
776,,ALAN JOSE CAMPOS SOARES,,,,,,,,,,
,,,,030310001,,TRATAMENTO DE COMPLICACOES RELA,,,,1,"154,30",
,,,,030310004,,TRATAMENTO DE INTERCORRENCIAS CLI,,,,1,"109,24",
,,,,,,,Total Prestador:,2,,,"263,54",
Grupo Procedimento:,,,,,,,,,,,,
,,,CONSULTAS MÉDICAS/OUTROS PROFISSIONAIS  DE NIVEL SUPERIOR,,,,,,,,,
829,,BIANCA KUHNE ANDRADE CIDI,,,,,,,,,,
,,,,030101014,,PRIMEIRA CONSULTA DE PEDIATRIA AO ,,,,22,"220,00",
,,,,,,,Total Prestador:,22,,,"220,00",
Grupo Procedimento:,,,,,,,,,,,,
,,,PARTO E NASCIMENTO,,,,,,,,,
829,,BIANCA KUHNE ANDRADE CIDI,,,,,,,,,,
,,,,031001002,,ATENDIMENTO AO RECEM-NASCIDO NO ,,,,15,"828,00",
,,,,,,,Total Prestador:,15,,,"828,00",
Grupo Procedimento:,,,,,,,,,,,,
,,,CONSULTAS MÉDICAS/OUTROS PROFISSIONAIS  DE NIVEL SUPERIOR,,,,,,,,,
830,,GABRIELLA SANDRI DOS SANT,,,,,,,,,,
,,,,030101014,,PRIMEIRA CONSULTA DE PEDIATRIA AO ,,,,16,"160,00",
,,,,,,,Total Prestador:,16,,,"160,00",
Grupo Procedimento:,,,,,,,,,,,,
,,,PARTO E NASCIMENTO,,,,,,,,,
830,,GABRIELLA SANDRI DOS SANT,,,,,,,,,,
,,,,031001002,,ATENDIMENTO AO RECEM-NASCIDO NO ,,,,8,"441,60",
,,,,,,,Total Prestador:,8,,,"441,60",
Grupo Procedimento:,,,,,,,,,,,,
,,,"ASSISTÊNCIA FISIOTERAPÊUTICA EM ALTERAÇÕES OBSTÉTRICAS, NEONATAIS E ",,,,,,,,,
840,,THAYNA ROSA SARAT DOMING,,,,,,,,,,
,,,,030201003,,ATENDIMENTO FISIOTERAPÊUTICO EM P,,,,287,"1.822,45",
,,,,,,,Total Prestador:,287,,,"1.822,45",
,Prestador,,,,,,,,,,,
,,,,,Procedimento,,,,Qtd,,,Valor
Grupo Procedimento:,,,,,,,,,,,,
,,,ASSISTÊNCIA FISIOTERAPÊUTICA CARDIOVASCULARES E PNEUMO-FUNCIONAIS,,,,,,,,,
859,,LUIZ FERNANDO ROSA DA SILV,,,,,,,,,,
,,,,030204002,,ATENDIMENTO FISIOTERAPÊUTICO EM P,,,,87,"406,29",
,,,,,,,Total Prestador:,87,,,"406,29",
Grupo Procedimento:,,,,,,,,,,,,
,,,"ASSISTÊNCIA FISIOTERAPÊUTICA EM ALTERAÇÕES OBSTÉTRICAS, NEONATAIS E ",,,,,,,,,
859,,LUIZ FERNANDO ROSA DA SILV,,,,,,,,,,
,,,,030201003,,ATENDIMENTO FISIOTERAPÊUTICO EM P,,,,10,"63,50",
,,,,,,,Total Prestador:,10,,,"63,50",
Grupo Procedimento:,,,,,,,,,,,,
,,,PARTO E NASCIMENTO,,,,,,,,,
883,,FERNANDO CESAR PEREIRA C,,,,,,,,,,
,,,,031001003,,PARTO NORMAL,,,,5,"2.405,40",
,,,,,,,Total Prestador:,5,,,"2.405,40",
Grupo Procedimento:,,,,,,,,,,,,
,,,"TRATAMENTO DURANTE A GESTAÇÃO, PARTO E PUERPÉRIO",,,,,,,,,
883,,FERNANDO CESAR PEREIRA C,,,,,,,,,,
,,,,030310004,,TRATAMENTO DE INTERCORRENCIAS CLI,,,,1,"109,24",
,,,,,,,Total Prestador:,1,,,"109,24",
Grupo Procedimento:,,,,,,,,,,,,
,,,PARTO E NASCIMENTO,,,,,,,,,
892,,ELINE MARIA NOGUEIRA DE FA,,,,,,,,,,
,,,,031001003,,PARTO NORMAL,,,,14,"6.735,12",
,,,,031001004,,PARTO NORMAL EM GESTAÇÃO DE ALTO ,,,,1,"617,19",
,,,,,,,Total Prestador:,15,,,"7.352,31",
Grupo Procedimento:,,,,,,,,,,,,
,,,"TRATAMENTO DURANTE A GESTAÇÃO, PARTO E PUERPÉRIO",,,,,,,,,
892,,ELINE MARIA NOGUEIRA DE FA,,,,,,,,,,
,,,,030310004,,TRATAMENTO DE INTERCORRENCIAS CLI,,,,1,"109,24",
,,,,,,,Total Prestador:,1,,,"109,24",
Grupo Procedimento:,,,,,,,,,,,,
,,,CIRURGIA DAS VIAS AÉREAS SUPERIORES E DO PESCOÇO,,,,,,,,,
,,,,,,,,,,,,
,,,,040401037,,TRAQUEOSTOMIA,,,,2,"1.013,06",
,,,,,,,Total Prestador:,2,,,"1.013,06",
Grupo Procedimento:,,,,,,,,,,,,
,,,CIRURGIA DE TIREÓIDE E PARATIREÓIDE,,,,,,,,,
,,,,,,,,,,,,
,,,,040201002,,PARATIREOIDECTOMIA,,,,1,"728,01",
,,,,040201004,,TIREOIDECTOMIA TOTAL,,,,1,"396,10",
,,,,,,,Total Prestador:,2,,,"1.124,11",
Grupo Procedimento:,,,,,,,,,,,,
,,,CIRURGIA VASCULAR,,,,,,,,,
,,,,,,,,,,,,
,,,,040602012,,EMBOLECTOMIA ARTERIAL,,,,4,"5.660,52",
,,,,,,,Total Prestador:,4,,,"5.660,52",
Grupo Procedimento:,,,,,,,,,,,,
,,,"ESÔFAGO, ESTÔMAGO E DUODENO",,,,,,,,,
,,,,,,,,,,,,
,,,,040701027,,TRATAMENTO CIRÚRGICO DE ACALASIA (,,,,1,"2.181,44",
,,,,,,,Total Prestador:,1,,,"2.181,44",
Grupo Procedimento:,,,,,,,,,,,,
,,,GERAIS,,,,,,,,,
,,,,,,,,,,,,
,,,,040806004,,AMPUTAÇÃO / DESARTICULAÇÃO DE DE,,,,4,"992,13",
,,,,,,,Total Prestador:,4,,,"992,13",
Grupo Procedimento:,,,,,,,,,,,,
,,,"INTESTINOS , RETO E ANUS",,,,,,,,,
,,,,,,,,,,,,
,,,,040702003,,APENDICECTOMIA,,,,1,"366,31",
,,,,040702006,,COLECTOMIA PARCIAL (HEMICOLECTOMI,,,,1,"1.737,27",
,,,,040702007,,COLECTOMIA TOTAL,,,,1,"1.326,94",
,,,,040702010,,COLOSTOMIA,,,,2,"2.233,94",
,,,,040702017,,ENTERECTOMIA,,,,2,"2.320,80",
,,,,040702018,,ENTEROANASTOMOSE (QUALQUER SEG,,,,1,"871,31",
,,,,040702020,,ENTEROTOMIA E/OU ENTERORRAFIA C/ ,,,,1,"583,77",
,,,,040702030,,JEJUNOSTOMIA / ILEOSTOMIA,,,,1,"697,77",
,,,,040702040,,RETOSSIGMOIDECTOMIA ABDOMINAL,,,,1,"1.077,51",
,,,,,,,Total Prestador:,11,,,"11.215,62",
Grupo Procedimento:,,,,,,,,,,,,
,,,MAMA,,,,,,,,,
,,,,,,,,,,,,
,,,,041001001,,DRENAGEM DE ABSCESSO DE MAMA,,,,1,"156,83",
,,,,,,,Total Prestador:,1,,,"156,83",
,Prestador,,,,,,,,,,,
,,,,,Procedimento,,,,Qtd,,,Valor
Grupo Procedimento:,,,,,,,,,,,,
,,,MEMBROS INFERIORES,,,,,,,,,
,,,,,,,,,,,,
,,,,040805016,,RECONSTRUÇÃOLIGAMENTAR INTRA-AR,,,,18,"131.692,8",
,,,,,,,Total Prestador:,18,,,"131.692,8",
Grupo Procedimento:,,,,,,,,,,,,
,,,OPM COMUNS,,,,,,,,,
,,,,,,,,,,,,
,,,,070205005,,CATETER BALAO P/ EMBOLECTOMIA ART,,,,6,"577,20",
,,,,070205028,,GRAMPEADOR LINEAR CORTANTE,,,,2,"2.066,00",
,,,,070205055,,TELA INORGANICA DE POLIPROPILENO G,,,,2,"300,00",
,,,,070205056,,TELA INORGANICA DE POLIPROPILENO M,,,,2,"250,00",
,,,,070205057,,TELA INORGANICA DE POLIPROPILENO P,,,,12,"1.224,00",
,,,,,,,Total Prestador:,24,,,"4.417,20",
Grupo Procedimento:,,,,,,,,,,,,
,,,OPM EM ASSISTÊNCIA CARDIOVASCULAR,,,,,,,,,
,,,,,,,,,,,,
,,,,070204011,,CATETER DE ACESSO VENOSO CENTRAL ,,,,15,"3.652,80",
,,,,,,,Total Prestador:,15,,,"3.652,80",
Grupo Procedimento:,,,,,,,,,,,,
,,,OPM EM ORTOPEDIA,,,,,,,,,
,,,,,,,,,,,,
,,,,070203071,,PARAFUSO DE INTERFERÊNCIA DE TITÂN,,,,36,"17.506,44",
,,,,,,,Total Prestador:,36,,,"17.506,44",
Grupo Procedimento:,,,,,,,,,,,,
,,,OPM EM UROLOGIA,,,,,,,,,
,,,,,,,,,,,,
,,,,070206001,,CATETER DUPLO J,,,,1,"180,00",
,,,,,,,Total Prestador:,1,,,"180,00",
Grupo Procedimento:,,,,,,,,,,,,
,,,OUTRAS CIRURGIAS RELACIONADAS COM O ESTADO GESTACIONAL,,,,,,,,,
,,,,,,,,,,,,
,,,,041102001,,CURETAGEM POS-ABORTAMENTO / PUE,,,,61,"9.668,50",
,,,,041102004,,TRATAMENTO CIRURGICO DE GRAVIDEZ ,,,,7,"2.943,99",
,,,,,,,Total Prestador:,68,,,"12.612,49",
Grupo Procedimento:,,,,,,,,,,,,
,,,"PANCREAS, BACO, FIGADO E VIAS BILIARES",,,,,,,,,
,,,,,,,,,,,,
,,,,040703001,,ANASTOMOSE BILEO-DIGESTIVA,,,,2,"1.721,70",
,,,,040703002,,COLECISTECTOMIA,,,,23,"20.459,42",
,,,,,,,Total Prestador:,25,,,"22.181,12",
Grupo Procedimento:,,,,,,,,,,,,
,,,PAREDE E CAVIDADE ABDOMINAL,,,,,,,,,
,,,,,,,,,,,,
,,,,040704003,,DRENAGEM DE HEMATOMA / ABSCESSO ,,,,1,"402,99",
,,,,040704006,,HERNIOPLASTIA EPIGASTRICA,,,,1,"737,26",
,,,,040704008,,HERNIOPLASTIA INCISIONAL,,,,3,"1.486,83",
,,,,040704009,,HERNIOPLASTIA INGUINAL (BILATERAL),,,,2,"1.093,82",
,,,,040704010,,HERNIOPLASTIA INGUINAL / CRURAL (UNI,,,,9,"5.173,56",
,,,,040704012,,HERNIOPLASTIA UMBILICAL,,,,4,"1.576,24",
,,,,040704024,,RESSUTURA DE PAREDE ABDOMINAL (P,,,,6,"2.829,58",
,,,,,,,Total Prestador:,26,,,"13.300,28",
Grupo Procedimento:,,,,,,,,,,,,
,,,PARTO,,,,,,,,,
,,,,,,,,,,,,
,,,,041101002,,OPERAÇÃO CESARIANA EM GESTAÇÃO D,,,,23,"20.491,62",
,,,,041101003,,OPERAÇÃO CESARIANA,,,,102,"60.395,22",
,,,,041101004,,OPERAÇÃO CESARIANA COM LAQUEADU,,,,29,"20.019,86",
,,,,,,,Total Prestador:,154,,,"100.906,7",
Grupo Procedimento:,,,,,,,,,,,,
,,,PROCEDIMENTOS CIRÚRGICOS GERAIS,,,,,,,,,
,,,,,,,,,,,,
,,,,041504003,,DEBRIDAMENTO DE ULCERA / DE TECIDO,,,,2,"956,62",
,,,,,,,Total Prestador:,2,,,"956,62",
Grupo Procedimento:,,,,,,,,,,,,
,,,PRÓSTATA E VESICULA SEMINAL,,,,,,,,,
,,,,,,,,,,,,
,,,,040903004,,RESSECÇÃO ENDOSCÓPICA DE PRÓSTA,,,,1,"710,44",
,,,,,,,Total Prestador:,1,,,"710,44",
Grupo Procedimento:,,,,,,,,,,,,
,,,"RIM, URETER E BEXIGA",,,,,,,,,
,,,,,,,,,,,,
,,,,040901017,,INSTALAÇÃO ENDOSCÓPICA DE CATETE,,,,1,"194,74",
,Prestador,,,,,,,,,,,,
,,,,,Procedimento,,,,,Qtd,,,Valor
,,,,,,,Total Prestador:,,1,,,"194,74",
Grupo Procedimento:,,,,,,,,,,,,,
,,,"VAGINA, VULVA E PERÍNEO",,,,,,,,,,
,,,,,,,,,,,,,
,,,,040907005,,COLPOPERINEOPLASTIA ANTERIOR E PO,,,,,2,"765,75",
,,,,040907006,,COLPOPERINEOPLASTIA POSTERIOR,,,,,2,"544,16",
,,,,040907013,,EPISIOPERINEORRAFIA NAO OBSTETRIC,,,,,1,"106,44",
,,,,040907015,,EXERESE DE GLÂNDULA DE BARTHOLIN / ,,,,,1,"205,83",
,,,,040907019,,MARSUPIALIZACAO DE GLÂNDULA DE BA,,,,,2,"252,42",
,,,,,,,Total Prestador:,,8,,,"1.874,60",
Grupo Procedimento:,,,,,,,,,,,,,
,,,ÚTERO E ANEXOS,,,,,,,,,,
,,,,,,,,,,,,,
,,,,040906001,,CERCLAGEM DE COLO DO UTERO,,,,,1,"153,80",
,,,,040906003,,EXCISÃO TIPO 3 DO COLO UTERINO,,,,,4,"1.486,40",
,,,,040906004,,CURETAGEM SEMIOTICA C/ OU S/ DILATA,,,,,3,"450,78",
,,,,040906010,,HISTERECTOMIA (POR VIA VAGINAL),,,,,5,"2.900,20",
,,,,040906011,,HISTERECTOMIA C/ ANEXECTOMIA (UNI / ,,,,,16,"15.879,36",
,,,,040906012,,HISTERECTOMIA SUBTOTAL,,,,,3,"1.845,46",
,,,,040906013,,HISTERECTOMIA TOTAL,,,,,4,"3.250,72",
,,,,040906018,,LAQUEADURA TUBARIA,,,,,13,"5.535,14",
,,,,040906019,,MIOMECTOMIA,,,,,1,"387,46",
,,,,040906021,,OOFORECTOMIA / OOFOROPLASTIA,,,,,6,"2.517,30",
,,,,040906023,,SALPINGECTOMIA UNI / BILATERAL,,,,,4,"1.444,38",
,,,,040906027,,TRAQUELOPLASTIA,,,,,1,"280,24",
,,,,040906031,,LAQUEADURA TUBÁRIA NA MESMA INTE,,,,,29,"12.347,62",
,,,,,,,Total Prestador:,,90,,,"48.478,86",
,,,,,,,,Total Geral:,24076,,,"1.373.771,",
