GRUPO: Procedimentos Com Finalidade Diagnóstica,,,,,,,,,
Procedimento,Descrição,Vl. Proced,Tipo de Item,,Qtd,Vl. SH,Vl. SP,,Total
0203020030,EXAME ANATOMO-PATOLÓGICO PARA ,"19.982,20",,Item Especial,490,"19.982,20","0,00",,"19.982,20"
0205010032,ECOCARDIOGRAFIA TRANSTORACICA,"2.239,38",,Item Especial,33,"2.239,38","0,00",,"2.239,38"
0205010040,ULTRASSONOGRAFIA DOPPLER COLORIDO DE ,"356,40",,Item Especial,9,"356,40","0,00",,"356,40"
0205010059,ULTRASSONOGRAFIA DOPPLER DE FLUXO ,"1.329,90",,Item Especial,31,"1.329,90","0,00",,"1.329,90"
0205020038,ULTRASSONOGRAFIA DE ABDÔMEN SUPERIOR,"96,80",,Item Especial,4,"96,80","0,00",,"96,80"
0205020046,ULTRASSONOGRAFIA DE ABDOMEN TOTAL,"645,15",,Item Especial,17,"645,15","0,00",,"645,15"
0205020054,ULTRASSONOGRAFIA DE APARELHO URINÁRIO,"290,40",,Item Especial,12,"290,40","0,00",,"290,40"
0205020062,ULTRASSONOGRAFIA DE ARTICULACAO,"193,60",,Item Especial,8,"193,60","0,00",,"193,60"
0205020070,ULTRASSONOGRAFIA DE BOLSA ESCROTAL,"48,40",,Item Especial,2,"48,40","0,00",,"48,40"
0205020089,ULTRASSONOGRAFIA DE GLOBO OCULAR / ORBITA ,"24,20",,Item Especial,1,"24,20","0,00",,"24,20"
0205020097,ULTRASSONOGRAFIA MAMARIA BILATERAL,"24,20",,Item Especial,1,"24,20","0,00",,"24,20"
0205020100,ULTRASSONOGRAFIA DE PROSTATA POR VIA ,"72,60",,Item Especial,3,"72,60","0,00",,"72,60"
0205020143,ULTRASSONOGRAFIA OBSTETRICA,"363,00",,Item Especial,15,"363,00","0,00",,"363,00"
0205020151,ULTRASSONOGRAFIA OBSTETRICA C/ DOPPLER ,"118,80",,Item Especial,3,"118,80","0,00",,"118,80"
0205020160,ULTRASSONOGRAFIA PELVICA (GINECOLOGICA),"24,20",,Item Especial,1,"24,20","0,00",,"24,20"
0205020178,ULTRASSONOGRAFIA TRANSFONTANELA,"387,20",,Item Especial,16,"387,20","0,00",,"387,20"
0205020186,ULTRASSONOGRAFIA TRANSVAGINAL,"459,80",,Item Especial,19,"459,80","0,00",,"459,80"
0206010010,TOMOGRAFIA COMPUTADORIZADA DE COLUNA ,"86,76",,Item Especial,1,"86,76","0,00",,"86,76"
0206010028,TOMOGRAFIA COMPUTADORIZADA DE COLUNA ,"101,10",,Item Especial,1,"101,10","0,00",,"101,10"
0206010036,TOMOGRAFIA COMPUTADORIZADA DE COLUNA ,"86,76",,Item Especial,1,"86,76","0,00",,"86,76"
0206010052,TOMOGRAFIA COMPUTADORIZADA DO PESCOCO,"86,75",,Item Especial,1,"86,75","0,00",,"86,75"
0206010060,TOMOGRAFIA COMPUTADORIZADA DE SELA ,"97,44",,Item Especial,1,"97,44","0,00",,"97,44"
0206010079,TOMOGRAFIA COMPUTADORIZADA DO CRANIO,"779,52",,Item Especial,8,"779,52","0,00",,"779,52"
0206020023,TOMOGRAFIA COMPUTADORIZADA DE SEGMENTOS ,"86,75",,Item Especial,1,"86,75","0,00",,"86,75"
0206020031,TOMOGRAFIA COMPUTADORIZADA DE TORAX,"3.137,43",,Item Especial,23,"3.137,43","0,00",,"3.137,43"
0206030010,TOMOGRAFIA COMPUTADORIZADA DE ABDOMEN ,"3.743,01",,Item Especial,27,"3.743,01","0,00",,"3.743,01"
0206030037,TOMOGRAFIA COMPUTADORIZADA DE PELVE / ,"3.743,01",,Item Especial,27,"3.743,01","0,00",,"3.743,01"
0209010010,COLANGIOPANCREATOGRAFIA RETROGRADA (VIA ,"362,72",,Item Especial,4,"362,72","0,00",,"362,72"
0209010029,COLONOSCOPIA (COLOSCOPIA),"225,32",,Item Especial,2,"225,32","0,00",,"225,32"
0209010037,ESOFAGOGASTRODUODENOSCOPIA,"240,80",,Item Especial,5,"240,80","0,00",,"240,80"
0211020010,CATETERISMO CARDIACO,"8.500,80",,Item Especial,11,"5.417,72","3.083,08",,"8.500,80"
0212010026,EXAMES PRE-TRANSFUSIONAIS I,"2.027,76",,Item Especial,119,"2.027,76","0,00",,"2.027,76"
0212010034,EXAMES PRE-TRANSFUSIONAIS II,"1.397,28",,Item Especial,82,"1.397,28","0,00",,"1.397,28"
0214010058,TESTE RÁPIDO PARA DETECÇÃO DE ANTICORPOS ,"2,00",,Item Especial,2,"2,00","0,00",,"2,00"
0214010279,TESTE RÁPIDO PARA DETECÇÃO DE ANTICORPOS ,"492,00",,Item Especial,492,"492,00","0,00",,"492,00"
Total do Grupo:,,,,,,,,1473,"51.853,44"
GRUPO: Procedimentos Clínicos,,,,,,,,,
Procedimento,Descrição,Vl. Proced,Tipo de Item,,Qtd,Vl. SH,Vl. SP,,Total
0301010145,PRIMEIRA CONSULTA DE PEDIATRIA AO RECEM-,"4.950,00",,Item Especial,495,"0,00","4.950,00",,"4.950,00"
0301010170,CONSULTA/AVALIAÇÃO EM PACIENTE INTERNADO,"0,00",,Item Secundário,110,"0,00","514,12",,"514,12"
0302010017,ATENDIMENTO FISIOTERAPÊUTICO EM PACIENTE ,"273,05",,Item Especial,43,"273,05","0,00",,"273,05"
0302010033,ATENDIMENTO FISIOTERAPÊUTICO EM PACIENTE ,"11.931,65",,Item Especial,1879,"11.931,65","0,00",,"11.931,65"
0302040013,ATENDIMENTO FISIOTERAPÊUTICO EM PACIENTE ,"5.162,55",,Item Especial,813,"5.162,55","0,00",,"5.162,55"
0302040021,ATENDIMENTO FISIOTERAPÊUTICO EM PACIENTE ,"1.214,20",,Item Especial,260,"1.214,20","0,00",,"1.214,20"
0303010037,TRATAMENTO DE OUTRAS DOENÇAS BACTERIANAS,"865,91",,Proc. Realizado,1,"793,69","20,63",,"814,32"
0303010126,TRATAMENTO DE INFECÇÕES DE TRANSMISSÃO ,"776,31",,Proc. Realizado,3,"633,12","143,19",,"776,31"
0303030038,TRATAMENTO DE DIABETES MELLITUS,"360,80",,Proc. Realizado,1,"310,79","50,01",,"360,80"
0303030046,TRATAMENTO DE DISTURBIOS METABOLICOS,"139,42",,Proc. Realizado,1,"115,92","23,50",,"139,42"
0303040149,TRATAMENTO DE ACIDENTE VASCULAR CEREBRAL ,"463,21",,Proc. Realizado,1,"398,83","64,38",,"463,21"
0303060107,TRATAMENTO DE CRISE HIPERTENSIVA,"189,67",,Proc. Realizado,1,"147,80","41,87",,"189,67"
0303060140,TRATAMENTO DE EMBOLIA PULMONAR,"1.025,56",,Proc. Realizado,2,"906,76","118,80",,"1.025,56"
0303060212,TRATAMENTO DE INSUFICIENCIA CARDIACA,"12.590,28",,Proc. Realizado,18,"11.867,22","732,16",,"12.599,38"
0303060280,TRATAMENTO DE SINDROME CORONARIANA ,"650,16",,Proc. Realizado,2,"531,62","101,61",,"633,23"
0303060298,TRATAMENTO DE TROMBOSE VENOSA PROFUNDA,"322,48",,Proc. Realizado,1,"271,80","38,96",,"310,76"
0303070064,TRATAMENTO DE DOENCAS DO ESOFAGO ,"186,06",,Proc. Realizado,1,"159,84","37,83",,"197,67"
0303070072,TRATAMENTO DE DOENCAS DO FIGADO,"1.665,56",,Proc. Realizado,4,"1.426,76","234,60",,"1.661,36"
0303070102,TRATAMENTO DE OUTRAS DOENCAS DO ,"694,30",,Proc. Realizado,2,"587,14","107,16",,"694,30"
0303070110,TRATAMENTO DE OUTRAS DOENCAS DO INTESTINO,"193,66",,Proc. Realizado,1,"166,15","27,51",,"193,66"
0303070129,TRATAMENTO DE TRANSTORNOS DAS VIAS ,"270,38",,Proc. Realizado,1,"228,43","103,87",,"332,30"
0303100010,TRATAMENTO DE COMPLICACOES RELACIONADAS ,"2.623,10",,Proc. Realizado,17,"2.242,13","367,28",,"2.609,41"
0303100044,TRATAMENTO DE INTERCORRENCIAS CLINICAS NA ,"4.697,32",,Proc. Realizado,43,"3.665,75","1.174,47",,"4.840,22"
0303140046,TRATAMENTO DAS DOENCAS CRONICAS DAS VIAS ,"1.916,76",,Proc. Realizado,4,"1.813,92","99,56",,"1.913,48"
0303140151,TRATAMENTO DE PNEUMONIAS OU INFLUENZA ,"2.329,68",,Proc. Realizado,4,"2.016,28","287,28",,"2.303,56"
0303150050,TRATAMENTO DE OUTRAS DOENCAS DO ,"218,68",,Proc. Realizado,1,"188,00","38,42",,"226,42"
0303160020,TRATAMENTO DE INFECCOES ESPECIFICAS DO ,"899,88",,Proc. Realizado,4,"765,84","134,04",,"899,88"
0303160039,TRATAMENTO DE OUTROS TRANSTORNOS ,"5.513,34",,Proc. Realizado,21,"4.698,75","1.023,57",,"5.722,32"
0303160047,TRATAMENTO DE TRANSTORNOS HEMORRAGICOS ,"4.200,64",,Proc. Realizado,16,"3.580,00","624,51",,"4.204,51"
0303160055,TRATAMENTO DE TRANSTORNOS RELACIONADOS ,"4.668,12",,Proc. Realizado,6,"4.232,16","435,96",,"4.668,12"
0303160063,TRATAMENTO DE TRANSTORNOS RESPIRATORIOS ,"10.131,45",,Proc. Realizado,21,"9.120,51","1.010,94",,"10.131,45"
0304100021,TRATAMENTO CLÍNICO DE PACIENTE ONCOLÓGICO,"734,88",,Proc. Realizado,2,"604,60","238,64",,"843,24"
0305010131,HEMODIÁLISE P/ PACIENTES RENAIS AGUDOS / ,"12.739,68",,Item Especial,48,"12.739,68","0,00",,"12.739,68"
0305020013,TRATAMENTO DA PIELONEFRITE,"204,50",,Proc. Realizado,1,"176,56","27,94",,"204,50"
0305020056,TRATAMENTO DA DOENÇA RENAL CRÔNICA - DRC,"449,65",,Proc. Realizado,1,"380,93","15,27",,"396,20"
0306020068,TRANSFUSAO DE CONCENTRADO DE HEMACIAS,"696,37",,Item Especial,83,"696,37","0,00",,"696,37"
0306020076,TRANSFUSAO DE CONCENTRADO DE PLAQUETAS,"226,53",,Item Especial,27,"226,53","0,00",,"226,53"
0306020106,TRANSFUSAO DE PLASMA FRESCO,"75,51",,Item Especial,9,"75,51","0,00",,"75,51"
0308040015,TRATAMENTO DE COMPLICACOES DE ,"2.790,62",,Proc. Realizado,14,"2.381,68","387,52",,"2.769,20"
0310010020,ATENDIMENTO AO RECEM-NASCIDO NO MOMENTO ,"27.379,20",,Item Especial,496,"0,00","27.379,20",,"27.379,20"
0310010039,PARTO NORMAL,"136.123,80",,Proc. Realizado,307,"89.134,38","58.595,88",,"147.730,26"
0310010047,PARTO NORMAL EM GESTAÇÃO DE ALTO RISCO,"22.218,84",,Proc. Realizado,36,"13.478,76","8.786,52",,"22.265,28"
Total do Grupo:,,,,,,,,4801,"297.282,86"
GRUPO: Procedimentos Cirúrgicos,,,,,,,,,
Procedimento,Descrição,Vl. Proced,Tipo de Item,,Qtd,Vl. SH,Vl. SP,,Total
0401010015,CURATIVO GRAU II C/ OU S/ DEBRIDAMENTO,"64,80",,Item Especial,2,"64,80","0,00",,"64,80"
0402010027,PARATIREOIDECTOMIA,"833,30",,Proc. Realizado,1,"482,34","350,96",,"833,30"
0402010043,TIREOIDECTOMIA TOTAL,"451,37",,Proc. Realizado,1,"267,12","230,70",,"497,82"
0404010377,TRAQUEOSTOMIA,"1.109,46",,Proc. Realizado,2,"788,14","294,86",,"1.083,00"
0406020124,EMBOLECTOMIA ARTERIAL,"6.123,00",,Proc. Realizado,4,"4.581,36","1.541,64",,"6.123,00"
0407010270,TRATAMENTO CIRÚRGICO DE ACALASIA ,"2.270,21",,Proc. Realizado,1,"1.974,30","295,91",,"2.270,21"
0407020039,APENDICECTOMIA,"414,62",,Proc. Realizado,1,"253,59","161,03",,"414,62"
0407020063,COLECTOMIA PARCIAL (HEMICOLECTOMIA),"1.817,45",,Proc. Realizado,1,"1.550,19","255,12",,"1.805,31"
0407020071,COLECTOMIA TOTAL,"1.403,91",,Proc. Realizado,1,"1.147,33","249,88",,"1.397,21"
0407020101,COLOSTOMIA,"2.347,54",,Proc. Realizado,2,"1.968,90","378,64",,"2.347,54"
0407020179,ENTERECTOMIA,"2.434,40",,Proc. Realizado,2,"2.055,74","368,12",,"2.423,86"
0407020187,ENTEROANASTOMOSE (QUALQUER SEGMENTO),"1.174,36",,Proc. Realizado,1,"738,77","189,34",,"928,11"
0407020209,ENTEROTOMIA E/OU ENTERORRAFIA C/ SUTURA / ,"788,04",,Proc. Realizado,1,"482,03","158,87",,"640,90"
0407020306,JEJUNOSTOMIA / ILEOSTOMIA,"942,57",,Proc. Realizado,1,"569,54","170,23",,"739,77"
0407020403,RETOSSIGMOIDECTOMIA ABDOMINAL,"1.453,79",,Proc. Realizado,1,"897,92","251,91",,"1.149,83"
0407030018,ANASTOMOSE BILEO-DIGESTIVA,"2.322,62",,Proc. Realizado,2,"1.437,86","419,89",,"1.857,75"
0407030026,COLECISTECTOMIA,"22.915,82",,Proc. Realizado,23,"14.727,59","8.281,11",,"23.008,70"
0407040030,DRENAGEM DE HEMATOMA / ABSCESSO PRE-,"437,83",,Proc. Realizado,1,"321,68","112,11",,"433,79"
0407040064,HERNIOPLASTIA EPIGASTRICA,"801,73",,Proc. Realizado,1,"586,82","214,91",,"801,73"
0407040080,HERNIOPLASTIA INCISIONAL,"1.619,76",,Proc. Realizado,3,"1.176,69","458,55",,"1.635,24"
0407040099,HERNIOPLASTIA INGUINAL (BILATERAL),"1.220,12",,Proc. Realizado,2,"799,14","420,98",,"1.220,12"
0407040102,HERNIOPLASTIA INGUINAL / CRURAL (UNILATERAL),"5.741,73",,Proc. Realizado,9,"3.847,68","1.894,14",,"5.741,82"
0407040129,HERNIOPLASTIA UMBILICAL,"1.739,96",,Proc. Realizado,4,"1.194,20","545,76",,"1.739,96"
0407040196,PARACENTESE ABDOMINAL,"24,54",,Item Especial,2,"24,54","0,00",,"24,54"
0407040218,PNEUMOPERITONIO (POR SESSAO),"95,41",,Item Especial,7,"95,41","0,00",,"95,41"
0407040242,RESSUTURA DE PAREDE ABDOMINAL (POR ,"3.191,34",,Proc. Realizado,6,"2.382,46","651,70",,"3.034,16"
0408050160,RECONSTRUÇÃOLIGAMENTAR INTRA-ARTICULAR ,"140.412,42",,Proc. Realizado,18,"111.347,10","29.065,32",,"140.412,42"
0408060042,AMPUTAÇÃO / DESARTICULAÇÃO DE DEDO,"1.352,12",,Proc. Realizado,4,"684,69","414,00",,"1.098,69"
0409010170,INSTALAÇÃO ENDOSCÓPICA DE CATETER DUPLO J,"218,68",,Proc. Realizado,1,"138,88","85,77",,"224,65"
0409010359,PUNÇÃO/ASPIRAÇÃO DA BEXIGA,"12,97",,Item Especial,1,"12,97","0,00",,"12,97"
0409030040,RESSECÇÃO ENDOSCÓPICA DE PRÓSTATA,"851,58",,Proc. Realizado,1,"381,11","474,34",,"855,45"
0409060011,CERCLAGEM DE COLO DO UTERO,"178,01",,Proc. Realizado,1,"97,31","80,70",,"178,01"
0409060038,EXCISÃO TIPO 3 DO COLO UTERINO,"1.774,64",,Proc. Realizado,4,"1.098,72","582,33",,"1.681,05"
0409060046,CURETAGEM SEMIOTICA C/ OU S/ DILATACAO DO ,"502,26",,Proc. Realizado,3,"330,69","171,57",,"502,26"
0409060100,HISTERECTOMIA (POR VIA VAGINAL),"3.294,15",,Proc. Realizado,5,"1.980,95","1.241,69",,"3.222,64"
0409060119,HISTERECTOMIA C/ ANEXECTOMIA (UNI / ,"17.658,24",,Proc. Realizado,16,"11.728,64","5.844,20",,"17.572,84"
0409060127,HISTERECTOMIA SUBTOTAL,"2.345,79",,Proc. Realizado,3,"1.271,26","650,81",,"1.922,07"
0409060135,HISTERECTOMIA TOTAL,"3.631,72",,Proc. Realizado,4,"2.361,76","1.191,33",,"3.553,09"
0409060186,LAQUEADURA TUBARIA,"6.311,24",,Proc. Realizado,13,"3.724,11","2.587,13",,"6.311,24"
0409060194,MIOMECTOMIA,"528,94",,Proc. Realizado,1,"257,98","141,46",,"399,44"
0409060216,OOFORECTOMIA / OOFOROPLASTIA,"3.059,16",,Proc. Realizado,6,"1.879,50","934,00",,"2.813,50"
0409060232,SALPINGECTOMIA UNI / BILATERAL,"1.862,36",,Proc. Realizado,4,"1.016,34","708,52",,"1.724,86"
0409060275,TRAQUELOPLASTIA,"324,23",,Proc. Realizado,1,"177,59","146,64",,"324,23"
0409060313,LAQUEADURA TUBÁRIA NA MESMA INTERNAÇÃO DE ,"14.078,92",,Proc. Realizado,29,"8.307,63","5.771,29",,"14.078,92"
0409070050,COLPOPERINEOPLASTIA ANTERIOR E POSTERIOR,"944,86",,Proc. Realizado,2,"521,71","379,53",,"901,24"
0409070068,COLPOPERINEOPLASTIA POSTERIOR,"745,08",,Proc. Realizado,2,"338,84","395,84",,"734,68"
0409070130,EPISIOPERINEORRAFIA NAO OBSTETRICA,"128,44",,Proc. Realizado,1,"55,09","73,36",,"128,45"
0409070157,EXERESE DE GLÂNDULA DE BARTHOLIN / SKENE,"224,68",,Proc. Realizado,1,"161,83","62,86",,"224,69"
0409070190,MARSUPIALIZACAO DE GLÂNDULA DE BARTOLIN,"279,92",,Proc. Realizado,2,"188,28","91,64",,"279,92"
0410010014,DRENAGEM DE ABSCESSO DE MAMA,"171,51",,Proc. Realizado,1,"122,58","48,93",,"171,51"
0411010026,OPERAÇÃO CESARIANA EM GESTAÇÃO DE ALTO ,"20.491,62",,Proc. Realizado,23,"15.198,17","5.432,14",,"20.630,31"
0411010034,OPERAÇÃO CESARIANA,"55.664,46",,Proc. Realizado,102,"43.789,62","16.861,97",,"60.651,59"
0411010042,OPERAÇÃO CESARIANA COM LAQUEADURA ,"15.826,17",,Proc. Realizado,29,"14.515,37","5.512,23",,"20.027,60"
0411020013,CURETAGEM POS-ABORTAMENTO / PUERPERAL,"10.956,82",,Proc. Realizado,61,"6.661,81","4.403,37",,"11.065,18"
0411020048,TRATAMENTO CIRURGICO DE GRAVIDEZ ECTOPICA,"3.214,26",,Proc. Realizado,7,"2.313,36","900,90",,"3.214,26"
0412050170,TORACOCENTESE/DRENAGEM DE PLEURA,"109,94",,Item Especial,2,"25,94","84,00",,"109,94"
0415040035,DEBRIDAMENTO DE ULCERA / DE TECIDOS ,"1.086,16",,Proc. Realizado,2,"654,34","387,79",,"1.042,13"
0417010010,ANESTESIA OBSTETRICA P/ CESARIANA,"7.953,40",,Item Especial,130,"0,00","7.953,40",,"7.953,40"
0417010036,ANESTESIA OBSTETRICA P/CESARIANA EM ,"2.028,60",,Item Especial,21,"0,00","2.028,60",,"2.028,60"
0417010060,SEDACAO,"60,60",,Item Especial,4,"0,00","60,60",,"60,60"
Total do Grupo:,,,,,,,,587,"388.424,93"
GRUPO: Medicamentos,,,,,,,,,
Procedimento,Descrição,Vl. Proced,Tipo de Item,,Qtd,Vl. SH,Vl. SP,,Total
0603030017,IMUNOGLOBULINA ANTI-RHO (D) (FRASCO AMPOLA ,"2.611,84",,Item Especial,28,"2.611,84","0,00",,"2.611,84"
0603040012,"CABERGOLINA 0,5 MG (POR COMPRIMIDO)","380,96",,Item Especial,8,"380,96","0,00",,"380,96"
0603060013,SURFACTANTE FRASCO-AMPOLA,"4.157,92",,Item Especial,8,"4.157,92","0,00",,"4.157,92"
0603070019,ALBUMINA HUMANA 20 POR CENTO (FRASCO-,"2.420,00",,Item Especial,44,"2.420,00","0,00",,"2.420,00"
Total do Grupo:,,,,,,,,88,"9.570,72"
"GRUPO: Órteses, Próteses E Materiais Especiais",,,,,,,,,
Procedimento,Descrição,Vl. Proced,Tipo de Item,,Qtd,Vl. SH,Vl. SP,,Total
0702030716,PARAFUSO DE INTERFERÊNCIA DE TITÂNIO,"17.506,44",,Item Especial,36,"17.506,44","0,00",,"17.506,44"
0702040118,CATETER DE ACESSO VENOSO CENTRAL POR ,"3.652,80",,Item Especial,15,"3.652,80","0,00",,"3.652,80"
0702050059,CATETER BALAO P/ EMBOLECTOMIA ARTERIAL / ,"577,20",,Item Especial,6,"577,20","0,00",,"577,20"
0702050288,GRAMPEADOR LINEAR CORTANTE,"2.066,00",,Item Especial,2,"2.066,00","0,00",,"2.066,00"
0702050555,TELA INORGANICA DE POLIPROPILENO GRANDE ,"300,00",,Item Especial,2,"300,00","0,00",,"300,00"
0702050563,TELA INORGANICA DE POLIPROPILENO MEDIA (101 ,"250,00",,Item Especial,2,"250,00","0,00",,"250,00"
0702050571,TELA INORGANICA DE POLIPROPILENO PEQUENA ,"1.224,00",,Item Especial,12,"1.224,00","0,00",,"1.224,00"
0702060011,CATETER DUPLO J,"180,00",,Item Especial,1,"180,00","0,00",,"180,00"
Total do Grupo:,,,,,,,,76,"25.756,44"
GRUPO: Ações Complementares Da Atenção À Saúde,,,,,,,,,
Procedimento,Descrição,Vl. Proced,Tipo de Item,,Qtd,Vl. SH,Vl. SP,,Total
0801010047,INCENTIVO AO REGISTRO CIVIL DE NASCIMENTO,"1.920,00",,Item Especial,384,"1.920,00","0,00",,"1.920,00"
0802010016,DIARIA DE ACOMPANHANTE ADULTO (COM ,"3.632,00",,Item Especial,454,"3.632,00","0,00",,"3.632,00"
0802010024,DIARIA DE ACOMPANHANTE ,"2.192,00",,Item Especial,274,"2.192,00","0,00",,"2.192,00"
0802010032,DIARIA DE ACOMPANHANTE DE GESTANTE C/ ,"8.360,00",,Item Especial,1045,"8.360,00","0,00",,"8.360,00"
0802010040,DIARIA DE ACOMPANHANTE DE IDOSOS C/ ,"2.320,00",,Item Especial,290,"2.320,00","0,00",,"2.320,00"
0802010083,DIARIA DE UNIDADE DE TERAPIA INTENSIVA ,"173.400,00",,Item Especial,289,"147.390,00","26.010,00",,"173.400,00"
0802010121,DIÁRIA DE UNIDADE DE TERAPIA INTENSIVA ,"380.160,00",,Item Especial,528,"323.136,00","57.024,00",,"380.160,00"
0802010199,DIÁRIA DE PERMANÊNCIA A MAIOR,"7.021,00",,Item Especial,350,"5.666,50","0,00",,"5.666,50"
0802010237,DIÁRIA DE UNIDADE DE CUIDADOS ,"27.300,00",,Item Especial,91,"11.466,00","15.834,00",,"27.300,00"
0802010245,DIÁRIA DE UNIDADE DE CUIDADOS ,"17.400,00",,Item Especial,58,"7.308,00","10.092,00",,"17.400,00"
Total do Grupo:,,,,,,,,3763,"622.350,50"
Geral:  ,,,,,,,,,"1.395.238,89"
