*** INDICADORES ***,,,,,,,,,,,,,,
,Período   01,,,,Contas:,,,,Média,,,,Média Permanência,
11/2025,,,934,,,,,"1.493,83",,,,"3,64",,
Procedimentos Principais,,,,,,,,,,,,,,
Descrição,,Dias,,Qtd,,Total,SH Próprio,,,SH Terceiro,SP Próprio,,,SP Terceiro
GRUPO: Procedimentos Clínicos,,2282,,538,,"232.120,00","157.026,12",,,"0,00","75.093,88",,,"0,00"
        Tratamento De Doenças Infecciosas E Parasitárias,,33,,4,,"1.590,63","1.426,81",,,"0,00","163,82",,,"0,00"
"        Tratamento De Doenças Endocrinas, Metabólicas E Nutricionais",,34,,2,,"500,22","426,71",,,"0,00","73,51",,,"0,00"
        Tratamento De Doenças Do Sistema Nervoso Central E Periférico,,5,,1,,"463,21","398,83",,,"0,00","64,38",,,"0,00"
        Tratamento De Doenças Cardiovasculares,,221,,24,,"14.758,60","13.725,20",,,"0,00","1.033,40",,,"0,00"
        Tratamento De Doenças Do Aparelho Digestivo,,85,,9,,"3.079,29","2.568,32",,,"0,00","510,97",,,"0,00"
"        Tratamento Durante A Gestação, Parto E Puerpério",,279,,60,,"7.449,63","5.907,88",,,"0,00","1.541,75",,,"0,00"
        Tratamento De Doenças Do Ouvido/Apófise Mastóide E Vias Aéreas,,47,,8,,"4.217,04","3.830,20",,,"0,00","386,84",,,"0,00"
        Tratamento Das Doenças Do Aparelho Geniturinário,,6,,1,,"226,42","188,00",,,"0,00","38,42",,,"0,00"
        Tratamento De Algumas Afecçõess Originadas No Período Neonatal,,816,,68,,"25.626,28","22.397,26",,,"0,00","3.229,02",,,"0,00"
        Gerais Em Oncologia,,44,,2,,"843,24","604,60",,,"0,00","238,64",,,"0,00"
        Tratamento Em Nefrologia Em Geral,,18,,2,,"600,70","557,49",,,"0,00","43,21",,,"0,00"
        Complicações Consequentes A Procedimentos Em Saúde,,76,,14,,"2.769,20","2.381,68",,,"0,00","387,52",,,"0,00"
        Parto E Nascimento,,618,,343,,"169.995,54","102.613,14",,,"0,00","67.382,40",,,"0,00"
GRUPO: Procedimentos Cirúrgicos,,1114,,418,,"378.074,67","275.536,65",,,"0,00","102.538,02",,,"0,00"
        Cirurgia De Tireóide E Paratireóide,,21,,2,,"1.331,12","749,46",,,"0,00","581,66",,,"0,00"
        Cirurgia Das Vias Aéreas Superiores E Do Pescoço,,80,,2,,"1.083,00","788,14",,,"0,00","294,86",,,"0,00"
        Cirurgia Vascular,,4,,4,,"6.123,00","4.581,36",,,"0,00","1.541,64",,,"0,00"
"        Esôfago, Estômago E Duodeno",,3,,1,,"2.270,21","1.974,30",,,"0,00","295,91",,,"0,00"
"        Intestinos , Reto E Anus",,116,,11,,"11.847,15","9.664,01",,,"0,00","2.183,14",,,"0,00"
"        Pancreas, Baco, Figado E Vias Biliares",,74,,25,,"24.866,45","16.165,45",,,"0,00","8.701,00",,,"0,00"
        Parede E Cavidade Abdominal,,71,,26,,"14.606,82","10.308,67",,,"0,00","4.298,15",,,"0,00"
        Membros Inferiores,,18,,18,,"140.412,42","111.347,10",,,"0,00","29.065,32",,,"0,00"
        Gerais,,30,,4,,"1.098,69","684,69",,,"0,00","414,00",,,"0,00"
"        Rim, Ureter E Bexiga",,13,,1,,"224,65","138,88",,,"0,00","85,77",,,"0,00"
        Próstata E Vesicula Seminal,,7,,1,,"855,45","381,11",,,"0,00","474,34",,,"0,00"
        Útero E Anexos,,87,,90,,"54.284,15","34.232,48",,,"0,00","20.051,67",,,"0,00"
"        Vagina, Vulva E Períneo",,11,,8,,"2.268,98","1.265,75",,,"0,00","1.003,23",,,"0,00"
        Mama,,3,,1,,"171,51","122,58",,,"0,00","48,93",,,"0,00"
        Parto,,446,,154,,"101.309,50","73.503,16",,,"0,00","27.806,34",,,"0,00"
        Outras Cirurgias Relacionadas Com O Estado Gestacional,,120,,68,,"14.279,44","8.975,17",,,"0,00","5.304,27",,,"0,00"
        Procedimentos Cirúrgicos Gerais,,10,,2,,"1.042,13","654,34",,,"0,00","387,79",,,"0,00"
Totais:  ,,,,956,,"610.194,67","432.562,77",,,"0,00","177.631,90",,,"0,00"
,,,,,,,Total do SH: ,,,"432.562,77",Total do SP: ,,,"177.631,90"
*** INDICADORES ***,,,,,,,,,,,,,,
,Período   01,,,,Contas:,,,,Média,,,,Média Permanência,
11/2025,,,934,,,,,"1.493,83",,,,"0,00",,
Procedimentos Especiais,,,,,,,,,,,,,,
Descrição,,Dias,,Qtd,,Total,SH Próprio,,,SH Terceiro,SP Próprio,,,SP Terceiro
GRUPO: Procedimentos Com Finalidade Diagnóstica,,,,1473,,"51.853,44","48.770,36",,,"0,00","3.083,08",,,"0,00"
        Exames Anatomopatológicos,,,,490,,"19.982,20","19.982,20",,,"0,00","0,00",,,"0,00"
        Ultra-Sonografias Do Sistema Circulatório (Qualquer Região Anatômica),,,,73,,"3.925,68","3.925,68",,,"0,00","0,00",,,"0,00"
        Ultra-Sonografias Dos Demais Sistemas,,,,102,,"2.748,35","2.748,35",,,"0,00","0,00",,,"0,00"
"        Tomografia Da Cabeça, Pescoço E Coluna Vertebral",,,,13,,"1.238,33","1.238,33",,,"0,00","0,00",,,"0,00"
        Tomografia Do Torax E Membros Superiores,,,,24,,"3.224,18","3.224,18",,,"0,00","0,00",,,"0,00"
"        Tomografia Do Abdomen, Pelve E Membros Inferiores",,,,54,,"7.486,02","7.486,02",,,"0,00","0,00",,,"0,00"
        Aparelho Digestivo,,,,11,,"828,84","828,84",,,"0,00","0,00",,,"0,00"
        Diagnóstico Em Cardiologia,,,,11,,"8.500,80","5.417,72",,,"0,00","3.083,08",,,"0,00"
        Exames Do Doador/Receptor,,,,201,,"3.425,04","3.425,04",,,"0,00","0,00",,,"0,00"
        Teste Realizado Fora Da Estrutura De Laboratório,,,,494,,"494,00","494,00",,,"0,00","0,00",,,"0,00"
GRUPO: Procedimentos Clínicos,,,,4153,,"64.648,74","32.319,54",,,"0,00","32.329,20",,,"0,00"
        Consultas Médicas/Outros Profissionais  De Nivel Superior,,,,495,,"4.950,00","0,00",,,"0,00","4.950,00",,,"0,00"
"        Assistência Fisioterapêutica Em Alterações Obstétricas, Neonatais E Uroginecológicas",,,,1922,,"12.204,70","12.204,70",,,"0,00","0,00",,,"0,00"
        Assistência Fisioterapêutica Cardiovasculares E Pneumo-Funcionais,,,,1073,,"6.376,75","6.376,75",,,"0,00","0,00",,,"0,00"
        Tratamento Dialítico,,,,48,,"12.739,68","12.739,68",,,"0,00","0,00",,,"0,00"
        Medicina Transfusional,,,,119,,"998,41","998,41",,,"0,00","0,00",,,"0,00"
        Parto E Nascimento,,,,496,,"27.379,20","0,00",,,"0,00","27.379,20",,,"0,00"
GRUPO: Procedimentos Cirúrgicos,,,,169,,"10.350,26","223,66",,,"0,00","10.126,60",,,"0,00"
        Pequenas Cirurgias,,,,2,,"64,80","64,80",,,"0,00","0,00",,,"0,00"
        Parede E Cavidade Abdominal,,,,9,,"119,95","119,95",,,"0,00","0,00",,,"0,00"
"        Rim, Ureter E Bexiga",,,,1,,"12,97","12,97",,,"0,00","0,00",,,"0,00"
        Pulmão,,,,2,,"109,94","25,94",,,"0,00","84,00",,,"0,00"
        Anestesias,,,,155,,"10.042,60","0,00",,,"0,00","10.042,60",,,"0,00"
GRUPO: Medicamentos,,,,88,,"9.570,72","9.570,72",,,"0,00","0,00",,,"0,00"
        Imunoterápicos,,,,28,,"2.611,84","2.611,84",,,"0,00","0,00",,,"0,00"
        Reguladores De Atividade Hormonal - Inibidores Da Prolactina,,,,8,,"380,96","380,96",,,"0,00","0,00",,,"0,00"
        Tensiolítico Alveolar,,,,8,,"4.157,92","4.157,92",,,"0,00","0,00",,,"0,00"
        Hemoderivados,,,,44,,"2.420,00","2.420,00",,,"0,00","0,00",,,"0,00"
"GRUPO: Órteses, Próteses E Materiais Especiais",,,,76,,"25.756,44","25.756,44",,,"0,00","0,00",,,"0,00"
        Opm Em Ortopedia,,,,36,,"17.506,44","17.506,44",,,"0,00","0,00",,,"0,00"
        Opm Em Assistência Cardiovascular,,,,15,,"3.652,80","3.652,80",,,"0,00","0,00",,,"0,00"
        Opm Comuns,,,,24,,"4.417,20","4.417,20",,,"0,00","0,00",,,"0,00"
        Opm Em Urologia,,,,1,,"180,00","180,00",,,"0,00","0,00",,,"0,00"
*** INDICADORES ***,,,,,,,,,,,,,,
,Período   01,,,,Contas:,,,,Média,,,,Média Permanência,
11/2025,,,934,,,,,"1.493,83",,,,"0,00",,
GRUPO: Ações Complementares Da Atenção À Saúde,,,,3763,,"622.350,50","513.390,50",,,"0,00","108.960,00",,,"0,00"
        Incentivos,,,,384,,"1.920,00","1.920,00",,,"0,00","0,00",,,"0,00"
        Diárias,,,,3379,,"620.430,50","511.470,50",,,"0,00","108.960,00",,,"0,00"
Totais:  ,,,,9722,,"784.530,10","630.031,22",,,"0,00","154.498,88",,,"0,00"
,,,,,,,Total do SH: ,,,"630.031,22",Total do SP: ,,,"154.498,88"
Procedimentos Secundários,,,,,,,,,,,,,,
Descrição,,Dias,,Qtd,,Total,SH Próprio,,,SH Terceiro,SP Próprio,,,SP Terceiro
GRUPO: Procedimentos Clínicos,,,,110,,"514,12","0,00",,,"0,00","514,12",,,"0,00"
        Consultas Médicas/Outros Profissionais  De Nivel Superior,,,,110,,"514,12","0,00",,,"0,00","514,12",,,"0,00"
Totais:  ,,,,110,,"514,12","0,00",,,"0,00","514,12",,,"0,00"
,,,,,,,Total do SH: ,,,"0,00",Total do SP: ,,,"514,12"
Geral:  ,,,,,,"1.395.238,89","1.062.593,99",,,"0,00","332.644,90",,,"0,00"
,,,,,,,Total do SH: ,,,"1.062.593,99",Total do SP: ,,,"332.644,90"
